2.0 MHz 3415 Ticks 14.0 mV/fC 2.2 microsecond
Freq  1.039422916814888 576.7731891905171 1.039422916814888 576.7731891905171 400.0
Plane 0 0 1 1 2
-1 6.313 6.523 6.313 6.523 6.6670.00029282576866764275	62.65555191040039	89.72452545166016	60.069847106933594	109.80268096923828	107.22377014160156
0.0008784773060029283	64.6831283569336	98.44657135009766	64.13203430175781	94.82388305664062	99.9432144165039
0.0014641288433382138	64.8693618774414	86.5919418334961	63.061317443847656	101.43986511230469	84.67183685302734
0.0020497803806734994	62.230674743652344	77.39591979980469	66.77024841308594	81.25736999511719	79.36943817138672
0.0026354319180087846	59.82423400878906	61.99495315551758	65.41085052490234	71.69963836669922	75.57869720458984
0.00322108345534407	65.82447814941406	69.54346466064453	66.44417572021484	80.23296356201172	75.99988555908203
0.003806734992679356	64.51528930664062	60.8607292175293	61.27803039550781	83.88932037353516	76.09954833984375
0.004392386530014641	64.72633361816406	66.11607360839844	60.97909927368164	81.18647003173828	73.1015853881836
0.004978038067349927	59.014244079589844	68.25798797607422	63.10684585571289	78.04619598388672	72.84944915771484
0.005563689604685213	63.81467056274414	71.06436157226562	62.61229705810547	85.55924987792969	73.91085815429688
0.006149341142020498	63.81989669799805	71.12578582763672	63.08225631713867	80.0785140991211	75.42274475097656
0.006734992679355783	59.74311065673828	61.456111907958984	60.116851806640625	85.81534576416016	74.48048400878906
0.007320644216691069	61.44058609008789	63.32670974731445	63.34632873535156	86.460205078125	75.84282684326172
0.007906295754026354	59.937347412109375	66.83797454833984	65.8958740234375	78.76535034179688	77.55465698242188
0.00849194729136164	61.14748001098633	78.88681030273438	63.86239242553711	74.46159362792969	66.61669921875
0.009077598828696925	61.548179626464844	69.08108520507812	65.09083557128906	83.30309295654297	66.81358337402344
0.009663250366032211	62.29625701904297	70.24761199951172	62.17586898803711	83.1219711303711	70.05807495117188
0.010248901903367497	57.938777923583984	69.16169738769531	59.015769958496094	89.44977569580078	65.65953826904297
0.010834553440702782	59.648170471191406	69.24173736572266	64.96644592285156	88.90667724609375	71.44479370117188
0.011420204978038067	60.656524658203125	76.86890411376953	61.909393310546875	92.84867095947266	76.96817779541016
0.012005856515373352	67.2729721069336	72.84066772460938	62.530128479003906	91.66095733642578	73.89405059814453
0.012591508052708639	64.6368408203125	66.98258972167969	61.706329345703125	88.27743530273438	73.37139892578125
0.013177159590043924	58.429229736328125	77.36257934570312	62.67351531982422	93.39730834960938	71.73023223876953
0.01376281112737921	61.07020950317383	69.00740814208984	65.3697280883789	82.01206970214844	75.89405059814453
0.014348462664714495	58.024539947509766	70.83775329589844	61.1787223815918	83.52310180664062	76.97122192382812
0.01493411420204978	62.2159309387207	73.0638427734375	56.87229919433594	88.03713989257812	71.77633666992188
0.015519765739385067	60.890865325927734	78.78510284423828	63.374969482421875	100.3321533203125	74.91649627685547
0.016105417276720352	60.96223831176758	90.08098602294922	66.30158233642578	88.96268463134766	78.65026092529297
0.016691068814055635	60.67411804199219	71.99449157714844	66.4975814819336	91.74211883544922	77.9997329711914
0.017276720351390922	62.22471237182617	78.58224487304688	65.33025360107422	100.96443176269531	76.64768981933594
0.01786237188872621	61.860652923583984	70.11504364013672	60.16250228881836	95.36744689941406	73.10324096679688
0.018448023426061493	66.27310180664062	73.43165588378906	62.894081115722656	92.79735565185547	79.19771575927734
0.01903367496339678	62.13193893432617	85.89595794677734	64.55101776123047	97.8682632446289	74.90472412109375
0.019619326500732063	60.9278678894043	80.44558715820312	67.73363494873047	99.43733978271484	82.12571716308594
0.02020497803806735	65.05130004882812	90.01849365234375	62.72105026245117	108.21952819824219	83.4810791015625
0.020790629575402637	63.59563446044922	96.35135650634766	65.46809387207031	112.46769714355469	78.6263427734375
0.02137628111273792	60.25402069091797	83.18072509765625	62.61956787109375	107.21725463867188	81.6473617553711
0.021961932650073207	63.26661682128906	137.85150146484375	63.56633758544922	99.67578887939453	85.23701477050781
0.02254758418740849	64.9212417602539	182.2454376220703	63.74644088745117	118.71369934082031	84.7491455078125
0.023133235724743777	62.8358268737793	92.73969268798828	66.2934799194336	139.72348022460938	84.09386444091797
0.023718887262079064	63.12241744995117	96.48469543457031	64.37848663330078	296.7170104980469	90.17131042480469
0.024304538799414348	61.19097137451172	94.7696533203125	65.09042358398438	321.8952331542969	94.55663299560547
0.024890190336749635	64.1942138671875	107.8751449584961	66.65287780761719	149.36453247070312	93.38488006591797
0.025475841874084918	68.90025329589844	123.13147735595703	62.047508239746094	122.0013198852539	89.30186462402344
0.026061493411420205	72.26754760742188	84.87471008300781	64.49189758300781	116.97651672363281	100.52973175048828
0.026647144948755492	65.50287628173828	93.18321228027344	67.56156921386719	113.72938537597656	158.71316528320312
0.027232796486090775	66.81011199951172	87.30882263183594	67.25515747070312	115.23370361328125	94.62760925292969
0.027818448023426062	63.394535064697266	93.3284683227539	61.155696868896484	112.544921875	83.07820129394531
0.028404099560761346	65.30770874023438	91.66649627685547	60.1962776184082	86.29713439941406	79.00882720947266
0.028989751098096633	63.39792251586914	83.5021743774414	66.08013153076172	95.91365051269531	77.90939331054688
0.02957540263543192	61.919742584228516	82.33407592773438	64.20138549804688	93.47021484375	80.56073760986328
0.030161054172767203	63.72127914428711	87.88346099853516	61.83784866333008	108.75928497314453	76.95850372314453
0.03074670571010249	64.02705383300781	84.90043640136719	65.5975112915039	95.55706787109375	79.96112823486328
0.03133235724743778	65.54344177246094	92.28762817382812	62.53414535522461	101.6794204711914	81.46539306640625
0.03191800878477306	64.63060760498047	79.80366516113281	65.05829620361328	96.87747955322266	77.21800231933594
0.032503660322108344	62.544185638427734	86.70894622802734	63.758968353271484	103.18525695800781	79.836181640625
0.03308931185944363	59.70383071899414	84.55110931396484	65.09195709228516	94.29951477050781	79.87914276123047
0.03367496339677892	63.8837890625	97.95662689208984	66.48795318603516	116.5215072631836	80.6565933227539
0.034260614934114204	62.57516098022461	86.18730926513672	65.9728012084961	117.45492553710938	79.4293212890625
0.034846266471449484	61.48051834106445	95.90885162353516	62.392215728759766	104.17955780029297	73.16996002197266
0.03543191800878477	65.76234436035156	88.15927124023438	64.8780288696289	102.74060821533203	83.05066680908203
0.03601756954612006	66.90269470214844	94.55422973632812	66.51457977294922	99.58863067626953	87.0611343383789
0.036603221083455345	65.14594268798828	106.95037078857422	63.66292953491211	98.02093505859375	76.93356323242188
0.03718887262079063	68.71675872802734	86.27889251708984	67.66634368896484	106.1955795288086	86.22918701171875
0.03777452415812591	64.04688262939453	102.5809097290039	65.9862060546875	121.50827026367188	79.20317077636719
0.0383601756954612	69.29670715332031	93.98480987548828	61.85615921020508	118.27751159667969	80.40242004394531
0.038945827232796486	61.40671920776367	93.04197692871094	65.53919219970703	96.12957763671875	76.29566192626953
0.03953147877013177	63.69514846801758	110.0724105834961	63.45336151123047	121.82693481445312	79.99407958984375
0.04011713030746706	62.88029479980469	101.62059020996094	66.91026306152344	95.29999542236328	83.67106628417969
0.04070278184480234	63.240604400634766	92.657958984375	63.22929763793945	119.60124969482422	83.22794342041016
0.041288433382137626	65.6644287109375	90.17139434814453	59.675132751464844	108.85240936279297	80.29232025146484
0.04187408491947291	67.74505615234375	101.01702880859375	70.04486846923828	100.75473022460938	82.32107543945312
0.0424597364568082	64.87644958496094	79.21526336669922	64.9732437133789	89.67774963378906	79.83282470703125
0.04304538799414349	64.20513916015625	97.91069030761719	65.0279541015625	123.89073181152344	75.47505187988281
0.04363103953147877	63.44534683227539	94.7083740234375	67.77596282958984	102.07084655761719	80.94558715820312
0.044216691068814054	66.91307067871094	102.48443603515625	66.03548431396484	113.98085021972656	79.5023193359375
0.04480234260614934	64.93345642089844	117.304931640625	66.00028991699219	111.78759002685547	84.16743469238281
0.04538799414348463	65.07229614257812	95.19917297363281	62.373924255371094	111.77127838134766	84.2959976196289
0.045973645680819915	67.71548461914062	90.93017578125	65.16619873046875	104.87598419189453	80.80521392822266
0.046559297218155195	63.1393928527832	104.92583465576172	68.60710144042969	105.54049682617188	87.55256652832031
0.04714494875549048	66.35762023925781	105.02493286132812	67.13570404052734	111.72667694091797	78.48651123046875
0.04773060029282577	67.65583038330078	90.51154327392578	65.11742401123047	109.16302490234375	82.15090942382812
0.048316251830161056	65.52304077148438	83.50360107421875	67.07366180419922	123.50804901123047	83.26142120361328
0.04890190336749634	66.4946517944336	108.16938018798828	66.4284896850586	115.72480010986328	83.23434448242188
0.04948755490483162	64.33097076416016	112.75804901123047	65.60044860839844	99.1133041381836	85.31475830078125
0.05007320644216691	63.4533576965332	113.4821548461914	68.08221435546875	94.11735534667969	84.28739166259766
0.050658857979502196	65.15642547607422	104.03680419921875	65.82416534423828	115.34709930419922	83.5371322631836
0.05124450951683748	66.15705871582031	107.174560546875	64.1908187866211	123.0365982055664	83.46772003173828
0.05183016105417277	69.64511108398438	99.46646118164062	64.83039093017578	109.66342163085938	85.37928771972656
0.05241581259150805	66.1270751953125	86.33639526367188	68.0919189453125	102.73892211914062	83.52701568603516
0.05300146412884334	64.60248565673828	108.89680480957031	67.1738510131836	107.08712768554688	83.08374786376953
0.053587115666178624	69.33586120605469	104.40061950683594	66.0426254272461	110.74512481689453	83.7139663696289
0.05417276720351391	66.792724609375	103.74629974365234	67.21260833740234	107.02881622314453	89.36183166503906
0.0547584187408492	66.45954132080078	103.81798553466797	64.17171478271484	113.93991088867188	82.89283752441406
0.05534407027818448	66.65167999267578	104.69496154785156	66.48400115966797	93.31658172607422	84.86736297607422
0.055929721815519765	69.4366455078125	104.77153015136719	66.5797348022461	125.44769287109375	85.99298858642578
0.05651537335285505	67.8913803100586	95.35746002197266	66.77820587158203	96.1318130493164	87.20128631591797
0.05710102489019034	63.7645149230957	99.68303680419922	66.22013092041016	106.81279754638672	83.26970672607422
0.057686676427525625	62.69480514526367	96.6361312866211	65.27938079833984	104.75884246826172	84.78307342529297
0.058272327964860905	67.797607421875	92.78426361083984	67.14096069335938	109.01150512695312	81.80743408203125
0.05885797950219619	65.2582778930664	100.3288345336914	66.89022827148438	98.99371337890625	81.55424499511719
0.05944363103953148	67.96788787841797	109.0269546508789	70.84798431396484	116.66946411132812	84.44322967529297
0.060029282576866766	64.65374755859375	92.29132843017578	69.49060821533203	95.30884552001953	83.5312728881836
0.06061493411420205	66.0987777709961	104.0107421875	68.13622283935547	101.08333587646484	83.53466033935547
0.06120058565153733	66.01821899414062	96.76122283935547	65.42862701416016	93.80569458007812	87.45870208740234
0.06178623718887262	68.67725372314453	111.5867691040039	68.23770141601562	99.31341552734375	84.96372985839844
0.06237188872620791	66.41436004638672	107.17289733886719	67.42289733886719	118.39408874511719	88.08136749267578
0.0629575402635432	62.97601318359375	105.517822265625	65.72293853759766	105.42871856689453	87.86968231201172
0.06354319180087847	64.11758422851562	110.5570297241211	66.21968078613281	106.82242584228516	84.40125274658203
0.06412884333821377	63.49074172973633	91.1978530883789	70.78679656982422	121.81106567382812	85.09935760498047
0.06471449487554905	62.27002716064453	93.20337677001953	65.80302429199219	107.44715881347656	88.20696258544922
0.06530014641288433	66.72599792480469	86.1316146850586	66.61457824707031	118.60409545898438	89.95692443847656
0.06588579795021962	64.68927764892578	101.78775787353516	64.61884307861328	104.75861358642578	82.99864959716797
0.0664714494875549	64.24140930175781	101.34722137451172	65.68048858642578	106.50276947021484	84.15522003173828
0.0670571010248902	66.49928283691406	112.74188995361328	66.0666732788086	111.7877197265625	88.70039367675781
0.06764275256222547	63.93563461303711	95.28341674804688	64.47278594970703	108.04669189453125	93.98137664794922
0.06822840409956075	68.01546478271484	104.70128631591797	61.144283294677734	109.42453002929688	87.80821228027344
0.06881405563689605	66.77059173583984	100.0000228881836	65.80886840820312	123.55744934082031	88.91407775878906
0.06939970717423133	64.582763671875	108.86864471435547	64.45191955566406	106.58500671386719	85.6801528930664
0.06998535871156662	67.40141296386719	105.6348648071289	66.74762725830078	123.23148345947266	83.35621643066406
0.0705710102489019	66.07783508300781	109.32312774658203	66.08206939697266	104.36150360107422	79.25328826904297
0.07115666178623718	65.00587463378906	115.28839874267578	68.71013641357422	117.84381103515625	82.43257904052734
0.07174231332357248	66.06492614746094	107.9296646118164	65.65950775146484	112.51554107666016	90.59957122802734
0.07232796486090776	67.76376342773438	116.70174407958984	68.66447448730469	105.41735076904297	85.02278137207031
0.07291361639824305	66.0806655883789	98.7754135131836	64.59812927246094	120.52044677734375	90.75580596923828
0.07349926793557833	66.9423828125	93.37227630615234	62.86589050292969	106.64132690429688	85.14789581298828
0.07408491947291361	65.2176742553711	111.87350463867188	67.67227935791016	114.82418060302734	94.28572082519531
0.0746705710102489	65.25746154785156	111.0651626586914	68.42771911621094	115.2598648071289	91.75926971435547
0.07525622254758418	63.42301940917969	117.93596649169922	65.93984985351562	119.7167739868164	86.47926330566406
0.07584187408491948	63.83272171020508	105.59988403320312	62.47163009643555	114.78152465820312	90.9679946899414
0.07642752562225476	66.39537048339844	101.71878814697266	68.6355972290039	117.91496276855469	90.91301727294922
0.07701317715959004	64.73426055908203	105.05442810058594	67.48526763916016	107.14549255371094	86.02947998046875
0.07759882869692533	65.21294403076172	107.07744598388672	64.5134048461914	118.07799530029297	91.2987289428711
0.07818448023426061	66.61326599121094	97.73817443847656	68.21174621582031	110.49642181396484	89.9317626953125
0.0787701317715959	64.08267211914062	117.93426513671875	66.49861907958984	109.15303039550781	89.32422637939453
0.07935578330893119	64.51130676269531	120.51594543457031	64.95162200927734	114.12059783935547	87.60001373291016
0.07994143484626647	68.0984115600586	117.85909271240234	66.35596466064453	113.51412200927734	85.40145874023438
0.08052708638360176	66.3411636352539	97.96099853515625	64.63604736328125	108.78562927246094	86.13774108886719
0.08111273792093704	64.87300109863281	111.6933364868164	69.6087417602539	107.55641174316406	89.79500579833984
0.08169838945827233	64.23103332519531	124.6283950805664	65.95359802246094	106.96849060058594	93.85657501220703
0.08228404099560761	65.9362564086914	111.99694061279297	68.13885498046875	119.68421173095703	92.08502960205078
0.08286969253294289	69.61302947998047	99.93891143798828	65.60082244873047	113.18894958496094	92.68529510498047
0.08345534407027819	66.39728546142578	117.60449981689453	67.7177734375	121.08323669433594	90.77445220947266
0.08404099560761347	65.68451690673828	114.50646209716797	68.59317016601562	105.44498443603516	95.46878814697266
0.08462664714494876	67.66487884521484	105.39179229736328	65.83673095703125	128.23243713378906	99.80876159667969
0.08521229868228404	66.84756469726562	123.88411712646484	70.73419952392578	115.82577514648438	89.9510726928711
0.08579795021961932	64.93756103515625	98.7539291381836	67.45735168457031	103.4763412475586	89.44711303710938
0.08638360175695461	63.96321487426758	107.36738586425781	65.44207763671875	121.36898803710938	90.7456283569336
0.0869692532942899	64.47046661376953	112.94111633300781	67.49173736572266	121.91857147216797	93.74037170410156
0.08755490483162519	64.1900863647461	123.18159484863281	65.49763488769531	109.81134796142578	91.72614288330078
0.08814055636896047	64.6524658203125	106.90070343017578	70.51453399658203	119.44247436523438	96.25141143798828
0.08872620790629575	65.77376556396484	100.66254425048828	67.1500015258789	113.16030883789062	86.8495864868164
0.08931185944363104	62.98157501220703	97.3665542602539	69.05146789550781	111.05315399169922	97.61882019042969
0.08989751098096632	63.423133850097656	113.91123962402344	63.89353942871094	115.61724853515625	94.12731170654297
0.09048316251830162	66.23416137695312	114.67816162109375	69.88121032714844	124.42279815673828	91.60245513916016
0.0910688140556369	66.9485092163086	107.5187759399414	67.48898315429688	119.2047348022461	88.53448486328125
0.09165446559297218	65.95211029052734	108.16559600830078	65.3114242553711	143.68455505371094	89.30329895019531
0.09224011713030747	63.046531677246094	107.52667236328125	64.45272064208984	95.96434020996094	84.9212875366211
0.09282576866764275	68.0051040649414	132.85020446777344	63.43756103515625	121.72563171386719	86.49463653564453
0.09341142020497804	63.28904342651367	103.79655456542969	65.925048828125	113.29183197021484	90.67113494873047
0.09399707174231332	66.60166931152344	118.64110565185547	69.41765594482422	133.0961151123047	92.8124771118164
0.0945827232796486	63.450069427490234	110.27278900146484	63.710235595703125	131.31068420410156	90.3438720703125
0.0951683748169839	66.49697875976562	116.22512817382812	65.48167419433594	138.7283172607422	96.17711639404297
0.09575402635431918	65.1668930053711	120.02543640136719	72.32748413085938	116.42790222167969	87.9185562133789
0.09633967789165447	64.46538543701172	114.76486206054688	63.68771743774414	123.26316833496094	88.45488739013672
0.09692532942898975	67.14321899414062	102.0211181640625	68.02191925048828	123.34920501708984	92.64599609375
0.09751098096632503	61.22343826293945	113.3886489868164	63.11451721191406	111.67530822753906	88.3172378540039
0.09809663250366032	66.63355255126953	109.74446105957031	63.41142272949219	114.29522705078125	84.98416900634766
0.0986822840409956	65.33472442626953	114.65428924560547	64.66948699951172	126.92552185058594	84.90215301513672
0.0992679355783309	62.40069580078125	111.74442291259766	67.34800720214844	111.783203125	87.47979736328125
0.09985358711566618	61.62882614135742	123.74125671386719	62.898460388183594	130.50689697265625	96.21089172363281
0.10043923865300146	63.62752914428711	129.99639892578125	64.38014221191406	130.96173095703125	86.73091888427734
0.10102489019033675	66.70037078857422	118.91974639892578	63.286678314208984	116.30663299560547	94.20896911621094
0.10161054172767203	60.270286560058594	116.83673095703125	66.57968139648438	113.57231140136719	96.10791015625
0.10219619326500733	64.98308563232422	108.39884948730469	69.3627700805664	107.68110656738281	95.75941467285156
0.1027818448023426	68.68051147460938	111.83479309082031	63.59727096557617	130.408935546875	90.02117156982422
0.10336749633967789	65.70743560791016	118.24333953857422	65.29999542236328	114.83912658691406	95.85118865966797
0.10395314787701318	65.64404296875	113.78736114501953	61.349063873291016	112.52205657958984	94.54443359375
0.10453879941434846	62.22054672241211	103.7885513305664	65.28974914550781	144.29579162597656	96.68053436279297
0.10512445095168375	64.7085952758789	116.0406723022461	63.37543869018555	124.48065185546875	85.50830841064453
0.10571010248901903	65.29208374023438	112.7214584350586	67.89501953125	129.9535675048828	94.68282318115234
0.10629575402635431	65.19609832763672	119.85314178466797	64.8731918334961	129.40719604492188	90.39887237548828
0.10688140556368961	63.39312744140625	110.33333587646484	64.77167510986328	109.79515838623047	91.79061889648438
0.10746705710102489	62.169002532958984	129.93368530273438	64.13252258300781	110.1460189819336	94.80091094970703
0.10805270863836018	65.68571472167969	123.7009048461914	62.507049560546875	126.74769592285156	96.24223327636719
0.10863836017569546	62.848262786865234	129.38905334472656	62.78583908081055	127.56101989746094	95.26820373535156
0.10922401171303074	66.30534362792969	104.70012664794922	65.86493682861328	122.4405746459961	90.8935317993164
0.10980966325036604	60.601036071777344	113.0368423461914	62.542049407958984	121.36152648925781	85.9813232421875
0.11039531478770132	66.65824890136719	126.09302520751953	65.3206558227539	107.32807922363281	99.5956802368164
0.11098096632503661	61.74507522583008	105.91374969482422	62.08390808105469	118.24039459228516	95.38729858398438
0.11156661786237189	60.61244583129883	109.58727264404297	63.829803466796875	109.49925994873047	92.95663452148438
0.11215226939970717	61.38565444946289	121.65403747558594	64.27587890625	121.9284439086914	93.30357360839844
0.11273792093704246	63.25091552734375	105.65000915527344	67.36248779296875	116.7443618774414	94.23475646972656
0.11332357247437774	63.655818939208984	127.28885650634766	65.1753158569336	123.03636169433594	96.01178741455078
0.11390922401171304	62.89114761352539	116.20773315429688	61.926780700683594	131.77621459960938	87.05165100097656
0.11449487554904832	63.10762405395508	116.60623168945312	63.40250778198242	126.26151275634766	90.61565399169922
0.1150805270863836	64.19841003417969	120.23295593261719	64.1097412109375	129.88917541503906	95.24183654785156
0.11566617862371889	61.647132873535156	103.6474609375	63.31923294067383	122.14022827148438	92.70884704589844
0.11625183016105417	63.48754119873047	114.30311584472656	63.07335662841797	108.9478988647461	90.23821258544922
0.11683748169838946	62.028743743896484	116.45176696777344	63.34796142578125	127.47521209716797	100.61308288574219
0.11742313323572474	59.80344009399414	122.94217681884766	61.297386169433594	139.4457244873047	93.20342254638672
0.11800878477306002	60.088104248046875	114.1043701171875	63.38527297973633	137.10855102539062	100.50056457519531
0.11859443631039532	64.60995483398438	124.36751556396484	60.55582809448242	131.38572692871094	90.84246063232422
0.1191800878477306	65.40943908691406	96.2451171875	62.58355712890625	117.826171875	97.25445556640625
0.11976573938506589	62.89618682861328	111.56139373779297	62.696380615234375	123.62491607666016	93.50308990478516
0.12035139092240117	60.00260925292969	108.3288345336914	61.85884475708008	115.76541900634766	94.18177795410156
0.12093704245973645	62.598609924316406	125.45516204833984	60.29730987548828	121.50577545166016	98.04570770263672
0.12152269399707175	62.755470275878906	122.66081237792969	61.26128005981445	105.07613372802734	93.6268310546875
0.12210834553440703	63.815547943115234	122.42544555664062	62.83259582519531	129.96778869628906	99.45299530029297
0.12269399707174232	60.756412506103516	123.45787811279297	59.438697814941406	120.74405670166016	95.45928192138672
0.1232796486090776	62.254825592041016	107.23592376708984	65.24015808105469	132.18234252929688	101.91730499267578
0.12386530014641288	61.303504943847656	114.38191223144531	59.8408317565918	107.4521713256836	84.2750473022461
0.12445095168374817	63.38626480102539	110.02088928222656	59.60810089111328	121.90802764892578	84.37254333496094
0.12503660322108345	61.897220611572266	118.25759887695312	62.84575271606445	111.82887268066406	94.02426147460938
0.12562225475841873	63.4811897277832	112.10562133789062	59.742332458496094	117.33037567138672	92.2721176147461
0.126207906295754	59.40804672241211	136.12628173828125	61.92508316040039	121.97718048095703	89.6185073852539
0.12679355783308932	60.568077087402344	113.79104614257812	62.90391159057617	123.99456024169922	92.0062255859375
0.1273792093704246	60.640541076660156	118.52136993408203	58.88973617553711	129.55067443847656	96.43063354492188
0.12796486090775988	60.634056091308594	109.56854248046875	65.44052124023438	121.594482421875	95.73540496826172
0.12855051244509516	60.0455207824707	117.8180923461914	57.87578201293945	115.24773406982422	94.99968719482422
0.12913616398243044	62.655921936035156	114.15364074707031	61.37156295776367	125.3011245727539	92.05748748779297
0.12972181551976575	63.59443283081055	109.14325714111328	62.604244232177734	122.55289459228516	89.58364868164062
0.13030746705710103	58.75749969482422	102.13309478759766	56.75173568725586	139.61666870117188	96.32357788085938
0.1308931185944363	62.581600189208984	127.7790298461914	62.59410095214844	122.70394134521484	98.72527313232422
0.1314787701317716	60.54591751098633	108.7779312133789	61.876041412353516	125.86347961425781	89.66162109375
0.13206442166910687	59.8289794921875	119.16558837890625	60.36368942260742	122.5589828491211	97.35564422607422
0.13265007320644218	62.160457611083984	111.75469970703125	59.745113372802734	119.74347686767578	96.7408676147461
0.13323572474377746	60.30706787109375	130.8448486328125	58.967716217041016	109.16179656982422	98.34148406982422
0.13382137628111274	59.057579040527344	119.63922119140625	59.03779983520508	116.85131072998047	87.41936492919922
0.13440702781844802	57.57999038696289	127.55797576904297	60.19883346557617	130.08444213867188	92.39527893066406
0.1349926793557833	59.21302795410156	117.21237182617188	62.3120002746582	109.45899200439453	100.7877426147461
0.1355783308931186	62.15046310424805	122.73892211914062	62.084720611572266	132.0979461669922	88.84219360351562
0.13616398243045388	58.39020919799805	114.34225463867188	59.58123779296875	111.11964416503906	90.19835662841797
0.13674963396778916	59.158592224121094	116.9026107788086	58.72738265991211	126.59375762939453	96.98200225830078
0.13733528550512444	57.98789978027344	103.5404281616211	57.00379943847656	130.6240692138672	93.72807312011719
0.13792093704245972	63.096065521240234	127.43798828125	60.63371276855469	107.79161071777344	93.58712768554688
0.13850658857979503	57.26757049560547	131.7506561279297	57.4737434387207	113.16793823242188	85.19944763183594
0.1390922401171303	61.40549087524414	114.04792022705078	60.56645202636719	112.173828125	99.35123443603516
0.1396778916544656	57.893959045410156	113.58869171142578	57.62791442871094	113.47879028320312	89.68620300292969
0.14026354319180087	59.8651008605957	126.70521545410156	56.535858154296875	141.67039489746094	97.99507141113281
0.14084919472913615	55.6961784362793	107.37919616699219	57.2222785949707	116.4072265625	91.16619873046875
0.14143484626647146	57.27987289428711	118.6409683227539	58.96558380126953	125.79586029052734	97.00431823730469
0.14202049780380674	58.90663146972656	112.23592376708984	53.46451187133789	124.97439575195312	93.77056121826172
0.14260614934114202	57.56524658203125	125.05741119384766	59.920555114746094	126.88350677490234	99.85131072998047
0.1431918008784773	57.649658203125	117.5928955078125	59.32823181152344	114.46287536621094	87.81587219238281
0.14377745241581258	59.458927154541016	107.90516662597656	59.39842987060547	104.33343505859375	86.37621307373047
0.1443631039531479	55.11427688598633	119.27909851074219	60.589996337890625	120.39580535888672	89.94931030273438
0.14494875549048317	60.41303253173828	121.32218170166016	54.72597122192383	123.1214599609375	95.29083251953125
0.14553440702781845	57.04084777832031	124.07350158691406	58.90642547607422	103.8202896118164	94.63859558105469
0.14612005856515373	57.17904281616211	121.40543365478516	59.198486328125	113.0178451538086	88.19007110595703
0.146705710102489	58.07125473022461	112.7677230834961	55.629066467285156	119.75438690185547	83.20259857177734
0.14729136163982431	57.74132537841797	135.00831604003906	58.54439926147461	120.67000579833984	89.1587142944336
0.1478770131771596	55.322261810302734	119.13314056396484	58.98991394042969	126.01896667480469	92.30531311035156
0.14846266471449487	60.90338134765625	124.99271392822266	55.52705764770508	111.28316497802734	93.60696411132812
0.14904831625183015	57.850162506103516	115.6220932006836	59.261173248291016	126.24337768554688	89.57991027832031
0.14963396778916543	56.815643310546875	120.08134460449219	57.60746765136719	114.28546142578125	93.68692779541016
0.15021961932650074	59.10441207885742	112.28607940673828	54.309486389160156	119.23118591308594	85.98992919921875
0.15080527086383602	58.836448669433594	130.5399932861328	52.653770446777344	126.9083480834961	92.62211608886719
0.1513909224011713	57.95310974121094	129.52108764648438	52.73158645629883	123.7544937133789	92.66963195800781
0.15197657393850658	56.81032180786133	122.85260772705078	56.056697845458984	136.20530700683594	91.79666900634766
0.15256222547584186	56.658756256103516	105.09202575683594	54.221580505371094	128.97784423828125	91.09988403320312
0.15314787701317717	54.29625701904297	107.91302490234375	56.3753776550293	114.89735412597656	85.82344055175781
0.15373352855051245	57.3033332824707	110.22831726074219	53.76721954345703	123.09770202636719	97.30245971679688
0.15431918008784773	57.029850006103516	115.23531341552734	56.07271957397461	112.15630340576172	93.93037414550781
0.154904831625183	56.26372528076172	98.16426849365234	53.80289840698242	110.8630142211914	88.39755249023438
0.1554904831625183	56.007747650146484	122.087646484375	55.07794189453125	126.98707580566406	85.08717346191406
0.1560761346998536	56.62166976928711	107.2706298828125	56.64015579223633	116.63905334472656	91.81241607666016
0.15666178623718888	56.3232421875	133.83267211914062	53.644065856933594	119.91085052490234	87.50798034667969
0.15724743777452416	52.33403015136719	112.30740356445312	54.165863037109375	114.52111053466797	89.26848602294922
0.15783308931185944	53.485374450683594	120.57304382324219	54.618377685546875	109.60497283935547	84.28227996826172
0.15841874084919472	54.00942611694336	125.94970703125	51.90628433227539	119.36677551269531	90.79293823242188
0.15900439238653002	56.39118576049805	100.00348663330078	53.696773529052734	136.2147979736328	89.16606903076172
0.1595900439238653	53.82281494140625	112.2412109375	51.828128814697266	121.29012298583984	76.37499237060547
0.16017569546120058	57.24589157104492	99.7960433959961	55.422401428222656	117.9257583618164	84.06647491455078
0.16076134699853586	54.213600158691406	110.84801483154297	53.49617385864258	108.96058654785156	82.38456726074219
0.16134699853587114	55.5922966003418	105.89080047607422	54.04121398925781	104.93756866455078	89.97476959228516
0.16193265007320645	54.74815368652344	99.56285858154297	52.33539962768555	120.51315307617188	83.47496795654297
0.16251830161054173	51.66572189331055	118.97770690917969	52.02871322631836	111.94324493408203	85.06302642822266
0.163103953147877	54.28506851196289	107.02872467041016	52.172698974609375	121.68582153320312	85.84220886230469
0.1636896046852123	52.70772933959961	115.22203826904297	49.4748649597168	128.87904357910156	87.78290557861328
0.16427525622254757	54.150917053222656	107.36503601074219	50.481388092041016	128.33953857421875	93.4488525390625
0.16486090775988288	56.2515983581543	109.96337890625	51.566959381103516	94.05558776855469	89.86419677734375
0.16544655929721816	52.58114242553711	115.73015594482422	55.47922897338867	118.24610900878906	82.27593994140625
0.16603221083455344	53.115028381347656	113.61817932128906	52.56855392456055	131.33937072753906	82.84539031982422
0.16661786237188872	50.71622085571289	110.0555191040039	53.852088928222656	109.79766845703125	82.13668823242188
0.167203513909224	51.73530197143555	107.04713439941406	53.17226791381836	118.17765045166016	78.70203399658203
0.1677891654465593	51.111331939697266	103.83638763427734	50.9263916015625	109.14299011230469	86.65044403076172
0.1683748169838946	51.99604034423828	118.6130142211914	50.709503173828125	102.78327178955078	89.67684173583984
0.16896046852122987	51.05392837524414	108.83876037597656	50.684078216552734	113.55939483642578	83.97296142578125
0.16954612005856515	49.822792053222656	110.38810729980469	52.23286437988281	119.74745178222656	91.10493469238281
0.17013177159590043	52.61663055419922	101.341064453125	50.29261016845703	102.38092041015625	94.87346649169922
0.17071742313323574	53.839107513427734	102.65145111083984	50.4079704284668	102.16729736328125	79.80191802978516
0.17130307467057102	51.19003677368164	111.88807678222656	50.043434143066406	106.9271240234375	89.23474884033203
0.1718887262079063	50.23187255859375	106.72531127929688	50.39803695678711	103.4819564819336	85.96096801757812
0.17247437774524157	53.15963363647461	99.92770385742188	50.390567779541016	121.81848907470703	85.72097778320312
0.17306002928257685	52.18536376953125	121.91119384765625	49.92431640625	109.55852508544922	83.93531036376953
0.17364568081991216	52.26700210571289	102.1091079711914	49.645118713378906	100.93063354492188	85.08063507080078
0.17423133235724744	50.911048889160156	100.25487518310547	51.18154525756836	123.12462615966797	83.85237884521484
0.17481698389458272	54.52089309692383	93.1617660522461	47.693580627441406	101.69148254394531	83.17810821533203
0.175402635431918	49.85194778442383	111.16511535644531	49.54934310913086	109.11970520019531	82.92576599121094
0.17598828696925328	50.93653106689453	105.90074920654297	46.86408615112305	111.26990509033203	83.82121276855469
0.1765739385065886	52.10322189331055	121.70768737792969	47.465816497802734	91.70381164550781	84.42864990234375
0.17715959004392387	50.30570602416992	101.21702575683594	45.10002899169922	106.00606536865234	84.38758850097656
0.17774524158125915	50.87477493286133	109.30760955810547	47.5279541015625	87.52489471435547	85.0658187866211
0.17833089311859443	49.31257629394531	112.195068359375	50.45003890991211	109.69676971435547	80.11742401123047
0.1789165446559297	50.76296615600586	109.31070709228516	47.60586166381836	124.55696868896484	82.95275115966797
0.17950219619326502	51.55952453613281	97.89735412597656	48.43107604980469	90.24095153808594	84.7720947265625
0.1800878477306003	48.68633270263672	103.15587615966797	49.80417251586914	113.52607727050781	84.52555084228516
0.18067349926793558	47.637882232666016	107.97335815429688	46.95463180541992	110.99251556396484	89.55752563476562
0.18125915080527086	48.310157775878906	110.42113494873047	46.89411926269531	110.26941680908203	86.55427551269531
0.18184480234260614	48.89386749267578	102.92776489257812	45.4387321472168	107.31143951416016	85.14619445800781
0.18243045387994145	49.07221221923828	102.9223403930664	47.376373291015625	113.4301528930664	78.73847198486328
0.18301610541727673	48.31769561767578	102.9557113647461	46.20499801635742	100.72347259521484	82.4335708618164
0.183601756954612	47.993038177490234	91.89362335205078	43.58843231201172	110.70133972167969	80.76103973388672
0.18418740849194729	49.3556022644043	111.68476867675781	48.0725212097168	107.85890197753906	82.67389678955078
0.18477306002928257	47.388816833496094	98.7794418334961	47.8082160949707	98.83033752441406	85.46572875976562
0.18535871156661787	46.88584899902344	111.68286895751953	50.11361312866211	112.3970718383789	86.79731750488281
0.18594436310395315	48.38220977783203	103.51460266113281	45.2640380859375	113.8917465209961	87.42906188964844
0.18653001464128843	46.546669006347656	108.72003173828125	46.91613006591797	97.22354888916016	83.42803192138672
0.1871156661786237	49.0781364440918	99.88058471679688	45.99311065673828	104.26422882080078	88.21420288085938
0.187701317715959	47.35306167602539	100.68572998046875	46.357025146484375	92.20347595214844	92.9064712524414
0.1882869692532943	46.80437469482422	102.42236328125	45.937740325927734	94.94096374511719	96.85606384277344
0.18887262079062958	50.811588287353516	95.738525390625	45.568511962890625	117.2745361328125	95.44161987304688
0.18945827232796486	46.886070251464844	98.54950714111328	45.043331146240234	106.82062530517578	79.31524658203125
0.19004392386530014	48.897499084472656	94.7711181640625	43.67534637451172	102.7986068725586	86.00811004638672
0.19062957540263542	49.2182731628418	94.27876281738281	45.66468811035156	95.1135025024414	88.9601058959961
0.19121522693997073	48.11581039428711	96.18310546875	44.113037109375	88.14607238769531	81.95328521728516
0.191800878477306	46.53199005126953	91.67385864257812	44.8936882019043	105.74931335449219	82.48656463623047
0.1923865300146413	47.521209716796875	104.56674194335938	44.0568733215332	102.5601577758789	77.62274169921875
0.19297218155197657	44.254600524902344	95.68168640136719	45.00529861450195	99.14521026611328	86.11410522460938
0.19355783308931185	44.106101989746094	88.35356140136719	42.052772521972656	102.87092590332031	84.91603088378906
0.19414348462664716	47.30644989013672	100.79710388183594	47.76757049560547	99.84716796875	88.43301391601562
0.19472913616398244	47.955467224121094	104.20169830322266	43.363670349121094	101.47081756591797	85.49019622802734
0.19531478770131772	45.081729888916016	95.20478820800781	43.51087188720703	112.29806518554688	83.80814361572266
0.195900439238653	46.79405975341797	105.6213150024414	42.60350036621094	111.92432403564453	85.03877258300781
0.19648609077598828	48.635982513427734	99.09896850585938	43.63069534301758	100.02356719970703	84.89695739746094
0.19707174231332358	45.02399444580078	108.52426147460938	42.397193908691406	103.97097778320312	83.7972412109375
0.19765739385065886	44.467430114746094	88.783935546875	44.7292594909668	99.01390838623047	82.5654525756836
0.19824304538799414	44.75416564941406	101.73037719726562	41.969871520996094	107.66767883300781	78.69567108154297
0.19882869692532942	42.28310775756836	104.152099609375	40.71098327636719	95.11756896972656	80.05223083496094
0.1994143484626647	42.061893463134766	104.66169738769531	41.31621551513672	99.784423828125	73.9176025390625
0.2	43.81806945800781	93.47489929199219	41.67963790893555	89.50646209716797	79.42183685302734
0.2005856515373353	44.49026107788086	84.97370147705078	42.66738510131836	84.5389404296875	76.9840087890625
0.20117130307467057	42.97645568847656	99.74097442626953	40.106544494628906	101.09850311279297	77.6777572631836
0.20175695461200585	43.676727294921875	105.72764587402344	43.231300354003906	90.06109619140625	76.23556518554688
0.20234260614934113	44.261627197265625	93.34080505371094	40.454254150390625	103.23471069335938	76.22077941894531
0.20292825768667644	44.427001953125	94.02872467041016	42.02665710449219	111.75873565673828	79.61287689208984
0.20351390922401172	46.02821350097656	99.8636703491211	41.40754699707031	88.36463165283203	71.91407012939453
0.204099560761347	45.89925765991211	99.79911041259766	41.51659393310547	106.25743865966797	73.2908935546875
0.20468521229868228	42.572853088378906	113.00342559814453	40.41077423095703	88.16024780273438	72.9767837524414
0.20527086383601756	42.68014144897461	99.94580841064453	39.53782653808594	88.91128540039062	76.56124114990234
0.20585651537335287	43.34403991699219	87.80183410644531	41.30633544921875	98.46648406982422	72.51297760009766
0.20644216691068815	43.37066650390625	71.14498901367188	42.136871337890625	102.86348724365234	67.61040496826172
0.20702781844802343	43.51970672607422	85.71837615966797	41.111976623535156	90.92654418945312	68.74607849121094
0.2076134699853587	41.943973541259766	95.40044403076172	40.766727447509766	97.97762298583984	75.19300842285156
0.208199121522694	44.690696716308594	98.94075012207031	42.227439880371094	109.35455322265625	69.85269165039062
0.2087847730600293	40.87348175048828	93.39144897460938	38.50210189819336	87.12519073486328	71.4894027709961
0.20937042459736457	43.683780670166016	86.69685363769531	40.30963134765625	92.65876007080078	69.60702514648438
0.20995607613469985	41.92012023925781	86.65567779541016	39.41411590576172	89.4874267578125	71.50617980957031
0.21054172767203513	39.84769058227539	89.52108764648438	40.60798263549805	89.25532531738281	72.82884216308594
0.2111273792093704	40.33668518066406	95.23766326904297	41.009490966796875	94.6666259765625	75.92515563964844
0.21171303074670572	40.89873123168945	90.23717498779297	39.18633270263672	89.41313171386719	71.03841400146484
0.212298682284041	39.41372299194336	89.24144744873047	39.943092346191406	85.03165435791016	72.68679809570312
0.21288433382137628	39.870452880859375	91.79591369628906	38.89399719238281	92.2335433959961	71.05220031738281
0.21346998535871156	41.66249084472656	74.82272338867188	40.81550216674805	95.56501770019531	68.9088134765625
0.21405563689604684	39.72785949707031	84.95195770263672	39.88225173950195	89.8441162109375	72.2385025024414
0.21464128843338215	40.306419372558594	80.24458312988281	38.78712844848633	93.72271728515625	67.66694641113281
0.21522693997071743	38.67586135864258	88.16149139404297	39.528533935546875	96.33137512207031	68.32711791992188
0.2158125915080527	40.50424575805664	95.7706527709961	38.65177536010742	94.96172332763672	71.77722930908203
0.216398243045388	37.6137580871582	96.78882598876953	36.685054779052734	91.83087921142578	65.93852233886719
0.21698389458272327	40.83087921142578	90.14976501464844	39.89988327026367	89.5088119506836	69.14305877685547
0.21756954612005858	40.250553131103516	84.7258529663086	38.077178955078125	82.36640930175781	66.8642349243164
0.21815519765739386	39.05436325073242	84.93045043945312	35.612632751464844	98.19819641113281	67.99114227294922
0.21874084919472914	38.991119384765625	84.67822265625	38.00003433227539	95.41285705566406	71.15949249267578
0.21932650073206442	39.235748291015625	97.24052429199219	35.91425323486328	87.51371002197266	70.61360168457031
0.2199121522693997	40.372161865234375	86.08032989501953	38.00025939941406	74.18326568603516	67.06373596191406
0.220497803806735	40.489662170410156	85.3781967163086	35.258689880371094	96.96329498291016	65.55416870117188
0.22108345534407028	38.55741500854492	93.19800567626953	36.12889099121094	80.03338623046875	67.97509002685547
0.22166910688140556	38.84528732299805	73.17027282714844	37.71813201904297	82.79928588867188	68.8006591796875
0.22225475841874084	39.294532775878906	87.65789031982422	37.40620803833008	91.8699722290039	65.04927825927734
0.22284040995607612	37.82794189453125	82.41142272949219	35.59025955200195	83.08003234863281	65.59483337402344
0.22342606149341143	39.453128814697266	80.51148223876953	35.10587692260742	92.97608947753906	67.83075714111328
0.2240117130307467	39.52500534057617	86.44376373291016	35.37274169921875	77.97772216796875	67.10739135742188
0.224597364568082	36.65394973754883	89.87626647949219	36.32319641113281	80.9254150390625	63.695587158203125
0.22518301610541727	36.29625701904297	69.8942642211914	34.88700485229492	87.2220230102539	64.17573547363281
0.22576866764275255	36.765357971191406	86.12023162841797	33.88079071044922	93.80923461914062	62.441280364990234
0.22635431918008786	37.2656364440918	86.65259552001953	33.90862274169922	82.67303466796875	63.22494888305664
0.22693997071742314	37.17362594604492	84.79755401611328	35.48386764526367	84.51022338867188	63.74809646606445
0.22752562225475842	36.2571907043457	81.0957260131836	34.840843200683594	88.98511505126953	60.444000244140625
0.2281112737920937	35.5522346496582	83.60673522949219	34.57892990112305	89.98332214355469	61.25906753540039
0.22869692532942898	35.58835220336914	79.94387817382812	34.17503356933594	83.21784210205078	61.94221878051758
0.2292825768667643	36.34431457519531	84.72948455810547	33.1903076171875	78.23808288574219	60.81064224243164
0.22986822840409957	36.70506286621094	82.87725067138672	33.79124450683594	69.66556549072266	61.913753509521484
0.23045387994143485	34.962677001953125	82.00624084472656	34.68901062011719	80.70116424560547	60.145660400390625
0.23103953147877013	35.114253997802734	78.61137390136719	33.1684455871582	94.95883178710938	62.63921356201172
0.2316251830161054	35.217952728271484	80.73487091064453	33.029319763183594	83.75434112548828	62.917789459228516
0.23221083455344071	34.98540115356445	80.52641296386719	34.69791793823242	76.1811752319336	66.3820571899414
0.232796486090776	36.665531158447266	82.17645263671875	33.005584716796875	89.80970001220703	61.49382400512695
0.23338213762811127	35.90339279174805	76.55179595947266	34.63408279418945	81.6381607055664	59.822227478027344
0.23396778916544655	34.015811920166016	71.37826538085938	34.48143005371094	72.82086181640625	62.64535903930664
0.23455344070278183	34.43449783325195	78.87353515625	33.925418853759766	71.9156723022461	55.460487365722656
0.23513909224011714	33.46581268310547	77.14752960205078	34.470558166503906	72.05282592773438	63.525630950927734
0.23572474377745242	36.7620735168457	72.21807098388672	34.759071350097656	77.913818359375	58.84504699707031
0.2363103953147877	34.2827262878418	82.01136016845703	33.429683685302734	83.6049575805664	58.25962829589844
0.23689604685212298	33.805335998535156	75.74090576171875	31.072423934936523	86.58918762207031	58.24037170410156
0.23748169838945826	34.46791076660156	77.23336791992188	32.26933288574219	85.97747039794922	60.44492721557617
0.23806734992679357	34.7089729309082	72.19852447509766	30.33052635192871	79.45543670654297	56.342594146728516
0.23865300146412885	32.6345100402832	69.9134750366211	32.17388916015625	81.65339660644531	56.532920837402344
0.23923865300146413	34.2694206237793	72.20345306396484	34.089290618896484	73.77880859375	55.289520263671875
0.2398243045387994	31.66656494140625	77.58087158203125	31.657014846801758	74.14899444580078	61.687557220458984
0.2404099560761347	33.38502883911133	70.75352478027344	30.28429412841797	76.55496215820312	57.63380813598633
0.24099560761347	32.1373291015625	80.1865463256836	30.915969848632812	74.1773452758789	55.37945556640625
0.24158125915080528	31.955381393432617	70.97966766357422	30.975818634033203	71.4687728881836	57.26365280151367
0.24216691068814056	33.0909309387207	73.07823944091797	32.19070053100586	72.69358825683594	57.66952896118164
0.24275256222547584	31.827932357788086	67.38410186767578	30.715557098388672	70.37142181396484	58.267059326171875
0.24333821376281112	33.2315559387207	74.07013702392578	30.08424949645996	74.32716369628906	60.45353698730469
0.24392386530014643	33.71847152709961	87.75569915771484	28.952157974243164	79.7336654663086	59.10710144042969
0.2445095168374817	31.754520416259766	79.74832153320312	29.974811553955078	70.24227905273438	60.79689025878906
0.24509516837481699	31.240707397460938	73.84585571289062	30.217121124267578	67.2149658203125	56.80485534667969
0.24568081991215227	30.685928344726562	66.70012664794922	29.537431716918945	64.94705200195312	54.71534729003906
0.24626647144948755	32.05083465576172	75.95257568359375	29.67490005493164	78.08439636230469	49.53910446166992
0.24685212298682285	30.921112060546875	68.40129089355469	30.128864288330078	72.15331268310547	60.03489303588867
0.24743777452415813	30.19306182861328	66.25423431396484	29.433673858642578	70.74356842041016	55.24038314819336
0.2480234260614934	31.768095016479492	67.48490142822266	29.24077606201172	73.11183166503906	56.709232330322266
0.2486090775988287	32.21492004394531	62.174922943115234	29.866872787475586	71.3804702758789	53.61848068237305
0.24919472913616397	29.96918487548828	67.55607604980469	29.94502830505371	78.202880859375	55.28141784667969
0.24978038067349928	30.25873565673828	70.90962219238281	28.804227828979492	66.51083374023438	51.45684814453125
0.25036603221083453	29.896575927734375	68.49823760986328	29.0495548248291	71.67538452148438	50.55234146118164
0.25095168374816984	29.92612075805664	70.8252182006836	30.18659019470215	76.54785919189453	54.63147735595703
0.25153733528550515	30.899335861206055	69.65769958496094	28.759199142456055	74.9374008178711	52.768245697021484
0.2521229868228404	30.899375915527344	67.27397155761719	27.991167068481445	70.96357727050781	53.553916931152344
0.2527086383601757	30.813995361328125	75.34111785888672	29.29163360595703	69.25767517089844	53.80131912231445
0.25329428989751096	29.2542781829834	68.12283325195312	30.41309356689453	53.366241455078125	53.41939926147461
0.25387994143484627	29.27849006652832	70.98394775390625	28.682741165161133	67.9399642944336	52.4645881652832
0.2544655929721816	30.078275680541992	63.56394958496094	26.30208396911621	74.80059814453125	53.45552062988281
0.25505124450951683	28.582197189331055	63.69823455810547	27.654558181762695	61.75526428222656	52.753116607666016
0.25563689604685214	29.110864639282227	69.68598937988281	28.422016143798828	67.24547576904297	52.05781936645508
0.2562225475841874	29.71894645690918	66.75043487548828	29.393836975097656	80.29266357421875	53.50720977783203
0.2568081991215227	28.269201278686523	61.31424331665039	28.014808654785156	62.5759391784668	52.55032730102539
0.257393850658858	28.622386932373047	65.98218536376953	27.002666473388672	82.20055389404297	51.182010650634766
0.25797950219619326	29.16078758239746	65.48695373535156	26.625404357910156	72.448974609375	50.28224563598633
0.25856515373352856	27.83637809753418	60.826072692871094	27.075519561767578	74.04120635986328	49.6284065246582
0.2591508052708638	28.21938705444336	75.16963958740234	27.18382453918457	63.806392669677734	54.89409255981445
0.2597364568081991	29.501630783081055	73.89949035644531	25.771268844604492	60.150604248046875	49.74481201171875
0.26032210834553443	27.759347915649414	59.216129302978516	26.724454879760742	70.12043762207031	46.89128875732422
0.2609077598828697	27.993074417114258	63.21257400512695	26.164316177368164	67.78849792480469	52.015052795410156
0.261493411420205	27.757429122924805	57.64595413208008	26.549245834350586	69.23626708984375	46.66028594970703
0.26207906295754024	27.309724807739258	67.41192626953125	26.296506881713867	57.865230560302734	50.271427154541016
0.26266471449487555	26.837305068969727	62.6927375793457	25.395917892456055	57.903778076171875	53.0545768737793
0.26325036603221086	28.66136932373047	56.61211395263672	26.66091537475586	62.65071105957031	48.06600570678711
0.2638360175695461	29.000503540039062	67.21210479736328	25.335411071777344	75.75460815429688	49.03350067138672
0.2644216691068814	27.507658004760742	60.68007278442383	26.18339729309082	65.54712677001953	49.1204833984375
0.26500732064421667	27.346839904785156	61.35713577270508	26.574247360229492	69.25257110595703	48.83091735839844
0.265592972181552	27.825443267822266	69.17993927001953	25.376638412475586	69.37503051757812	45.993587493896484
0.2661786237188873	27.28856658935547	61.42906188964844	25.06214714050293	69.61859893798828	44.48246765136719
0.26676427525622254	25.36796760559082	58.89210510253906	26.03217887878418	73.23833465576172	46.779178619384766
0.26734992679355785	27.050249099731445	43.89361572265625	24.776412963867188	55.64336395263672	44.95757293701172
0.2679355783308931	26.199190139770508	62.63994598388672	24.86737632751465	60.87410354614258	49.1815071105957
0.2685212298682284	25.91666030883789	70.8452377319336	26.7357234954834	61.04335403442383	50.42778015136719
0.2691068814055637	27.432863235473633	57.247833251953125	25.55075454711914	60.6011848449707	44.812129974365234
0.26969253294289897	25.30208396911621	68.23855590820312	24.714454650878906	56.65177917480469	45.605525970458984
0.2702781844802343	26.433441162109375	65.21761322021484	26.20631217956543	59.156795501708984	48.08698654174805
0.2708638360175695	26.326745986938477	60.99492645263672	25.381755828857422	62.27799987792969	46.37153244018555
0.27144948755490483	27.07131576538086	57.696773529052734	24.859647750854492	63.59074020385742	46.15460968017578
0.27203513909224014	26.029630661010742	56.790470123291016	23.603717803955078	58.34095764160156	45.77667236328125
0.2726207906295754	25.26007843017578	50.035987854003906	24.34410285949707	64.81775665283203	44.41645050048828
0.2732064421669107	25.066425323486328	54.18293380737305	24.571155548095703	63.477420806884766	45.715721130371094
0.27379209370424595	26.089563369750977	63.00193786621094	23.178653717041016	59.521827697753906	43.53936004638672
0.27437774524158126	26.131332397460938	54.85483169555664	25.05251693725586	56.545188903808594	43.63312530517578
0.27496339677891657	25.035978317260742	54.0361328125	23.70863151550293	56.35524368286133	45.604854583740234
0.2755490483162518	24.211467742919922	58.0407600402832	22.885787963867188	52.39805221557617	41.14323425292969
0.27613469985358713	25.48728370666504	58.60698318481445	22.2482967376709	64.83724212646484	44.92161560058594
0.2767203513909224	24.810739517211914	65.99129486083984	23.450525283813477	56.85919189453125	42.711246490478516
0.2773060029282577	23.671369552612305	56.530452728271484	23.56634521484375	59.689453125	43.37161636352539
0.277891654465593	25.09849739074707	50.46072006225586	23.770761489868164	59.91188049316406	41.59738540649414
0.27847730600292825	25.285778045654297	57.68808364868164	22.984577178955078	57.29716873168945	43.43541717529297
0.27906295754026356	23.363351821899414	58.31844711303711	22.095043182373047	57.40236282348633	42.32381820678711
0.2796486090775988	25.138439178466797	57.10481643676758	23.84342384338379	58.69384002685547	41.45266342163086
0.2802342606149341	23.270248413085938	55.12669372558594	22.902515411376953	48.864837646484375	42.66462707519531
0.2808199121522694	22.886428833007812	55.00933837890625	22.3476619720459	60.95639419555664	42.6954460144043
0.2814055636896047	23.266706466674805	56.21414566040039	22.27888298034668	54.637245178222656	41.612274169921875
0.28199121522694	24.416568756103516	49.881080627441406	22.002668380737305	52.816688537597656	41.98870849609375
0.28257686676427524	23.092140197753906	50.29304122924805	21.96380043029785	51.57954788208008	43.09103775024414
0.28316251830161054	23.109458923339844	54.704856872558594	21.877164840698242	56.92601013183594	42.1795654296875
0.28374816983894585	22.94985580444336	48.32835388183594	21.892765045166016	64.15921020507812	40.73273849487305
0.2843338213762811	23.6353816986084	54.82846450805664	22.93196678161621	54.37286376953125	40.303123474121094
0.2849194729136164	24.316225051879883	52.56986618041992	22.17202377319336	57.779502868652344	39.645751953125
0.28550512445095166	22.934404373168945	49.996604919433594	21.354202270507812	56.518226623535156	41.2113151550293
0.28609077598828697	22.833175659179688	55.80952072143555	21.01949119567871	52.26835632324219	40.87234115600586
0.2866764275256223	21.84246826171875	54.37904357910156	23.184595108032227	46.63437271118164	38.55010986328125
0.28726207906295753	23.695005416870117	50.47001266479492	22.04036521911621	55.673526763916016	40.15025329589844
0.28784773060029284	23.41281509399414	59.95451736450195	22.35071563720703	52.81910705566406	40.84635543823242
0.2884333821376281	23.05569076538086	53.03257751464844	20.733535766601562	52.054710388183594	40.37797164916992
0.2890190336749634	22.82433319091797	51.393402099609375	22.042356491088867	60.07248306274414	42.231075286865234
0.2896046852122987	22.980566024780273	53.3355598449707	20.82078742980957	54.94186782836914	41.20553207397461
0.29019033674963396	22.39931297302246	54.085655212402344	20.290929794311523	52.20409393310547	37.375755310058594
0.29077598828696927	22.605464935302734	46.9510612487793	21.30297088623047	56.95553207397461	42.264434814453125
0.2913616398243045	21.591901779174805	54.08247756958008	19.49047088623047	56.98427200317383	39.8087158203125
0.2919472913616398	22.873090744018555	51.471839904785156	20.250123977661133	49.3709602355957	38.66703796386719
0.29253294289897513	22.78731346130371	49.44183349609375	21.21040916442871	54.83537673950195	38.34112548828125
0.2931185944363104	21.605222702026367	54.326412200927734	20.3603458404541	55.26472473144531	40.98542404174805
0.2937042459736457	22.405555725097656	47.60116958618164	20.866167068481445	52.73652267456055	37.60475540161133
0.29428989751098095	20.878705978393555	47.84721374511719	19.776708602905273	53.92509460449219	38.3919677734375
0.29487554904831625	22.779438018798828	51.36507034301758	20.46927833557129	48.952362060546875	38.73069763183594
0.29546120058565156	20.359312057495117	55.49911117553711	20.987503051757812	49.88801193237305	38.49429702758789
0.2960468521229868	22.070354461669922	56.31169891357422	19.28017234802246	57.917964935302734	39.43711853027344
0.2966325036603221	21.29691505432129	53.490570068359375	20.094043731689453	46.811527252197266	39.03972244262695
0.2972181551976574	21.9157657623291	50.972171783447266	20.144542694091797	55.313934326171875	36.267005920410156
0.2978038067349927	21.043306350708008	42.19218063354492	19.717958450317383	49.39201736450195	37.510807037353516
0.298389458272328	20.82105827331543	50.37623596191406	21.023101806640625	58.8413200378418	36.892642974853516
0.29897510980966324	21.25269889831543	45.73212432861328	19.589292526245117	49.938358306884766	33.84037399291992
0.29956076134699855	21.341691970825195	49.31937789916992	17.668840408325195	47.086814880371094	35.70543670654297
0.3001464128843338	20.478519439697266	45.6778678894043	19.790945053100586	48.6878776550293	35.567325592041016
0.3007320644216691	20.072265625	53.4674186706543	19.635848999023438	48.02604293823242	35.07632827758789
0.3013177159590044	20.44296646118164	47.54659652709961	19.879663467407227	48.9556770324707	37.28190231323242
0.30190336749633967	21.196109771728516	50.59449768066406	19.016828536987305	46.290645599365234	36.16743850708008
0.302489019033675	19.417919158935547	46.15084457397461	18.491750717163086	49.02647399902344	34.926944732666016
0.30307467057101023	20.35885238647461	36.57759475708008	18.505950927734375	43.0566291809082	35.00827407836914
0.30366032210834554	20.6590633392334	43.65790939331055	18.561864852905273	53.088443756103516	35.02062225341797
0.30424597364568085	20.03803062438965	50.122684478759766	19.022796630859375	46.230712890625	34.030941009521484
0.3048316251830161	20.62625503540039	43.1634407043457	19.108320236206055	50.67760467529297	35.74120330810547
0.3054172767203514	18.276166915893555	44.513912200927734	18.73893928527832	45.24553680419922	36.77449417114258
0.30600292825768666	18.999895095825195	48.55841064453125	18.420127868652344	45.333919525146484	36.71089172363281
0.30658857979502196	19.126415252685547	47.587738037109375	18.815980911254883	41.52214050292969	33.92525100708008
0.3071742313323573	19.853822708129883	43.06192398071289	18.728103637695312	45.945552825927734	31.466571807861328
0.3077598828696925	19.719772338867188	43.33546829223633	18.4469051361084	50.604068756103516	34.76034164428711
0.30834553440702783	18.165390014648438	44.80839538574219	17.829994201660156	44.380332946777344	31.297266006469727
0.3089311859443631	19.251123428344727	47.67366027832031	17.401090621948242	46.497806549072266	32.8447265625
0.3095168374816984	18.402860641479492	48.503631591796875	17.7215576171875	45.33598709106445	32.53708267211914
0.3101024890190337	18.17439079284668	40.713130950927734	18.06450653076172	44.620628356933594	32.337486267089844
0.31068814055636895	19.463790893554688	45.9222526550293	17.710491180419922	46.19184875488281	34.60115051269531
0.31127379209370426	18.51960563659668	42.33335876464844	18.715436935424805	40.28139877319336	34.75742721557617
0.3118594436310395	18.611499786376953	40.481876373291016	18.73514175415039	45.15437316894531	33.15089416503906
0.3124450951683748	18.374141693115234	46.53493118286133	17.176258087158203	46.60862731933594	32.73143005371094
0.31303074670571013	17.654497146606445	42.490699768066406	17.400264739990234	43.94077682495117	31.70879364013672
0.3136163982430454	17.95166778564453	47.57608413696289	18.060712814331055	42.082393646240234	32.97807693481445
0.3142020497803807	17.665510177612305	38.70725631713867	18.5045108795166	42.980648040771484	33.57710647583008
0.31478770131771594	18.208084106445312	43.36152648925781	17.21893310546875	40.840694427490234	30.112897872924805
0.31537335285505125	18.308460235595703	45.5811767578125	16.49175262451172	46.14309310913086	32.10551452636719
0.31595900439238656	18.37986183166504	43.09526824951172	16.708473205566406	42.08603286743164	30.918432235717773
0.3165446559297218	18.31079864501953	42.76738739013672	16.555034637451172	45.48616409301758	33.77472686767578
0.3171303074670571	16.65583610534668	41.62699890136719	17.490745544433594	37.88603973388672	29.347904205322266
0.31771595900439237	18.195642471313477	38.84194564819336	17.141653060913086	45.3709831237793	33.65205764770508
0.3183016105417277	16.732913970947266	42.16502380371094	16.550935745239258	41.84125518798828	29.80744743347168
0.318887262079063	17.489242553710938	45.41486358642578	16.736980438232422	46.7393913269043	29.662944793701172
0.31947291361639824	17.712862014770508	45.55267333984375	16.90489959716797	41.2606201171875	32.17335510253906
0.32005856515373354	18.110130310058594	49.89543533325195	16.535152435302734	35.78050231933594	30.262584686279297
0.3206442166910688	17.237308502197266	43.60620880126953	16.583171844482422	42.38698196411133	31.060401916503906
0.3212298682284041	16.819334030151367	37.46452713012695	16.454078674316406	43.41845703125	30.26692771911621
0.3218155197657394	16.824068069458008	35.34808349609375	16.04197883605957	40.73859786987305	28.942602157592773
0.32240117130307466	16.59503746032715	37.95640182495117	15.672943115234375	40.124916076660156	27.780702590942383
0.32298682284040997	16.535568237304688	42.15975570678711	15.996618270874023	48.17067337036133	28.78141975402832
0.3235724743777452	17.651641845703125	38.990135192871094	16.2480525970459	33.79485321044922	32.22494125366211
0.32415812591508053	16.28993034362793	40.886322021484375	15.880708694458008	43.581695556640625	30.323657989501953
0.32474377745241584	17.905336380004883	40.75336456298828	16.5255126953125	34.0682373046875	29.878353118896484
0.3253294289897511	17.02516746520996	38.767024993896484	15.87663459777832	36.79719543457031	29.62101936340332
0.3259150805270864	16.534456253051758	36.75104522705078	16.429454803466797	41.009586334228516	29.62375259399414
0.32650073206442165	17.224153518676758	40.54145431518555	16.117450714111328	35.87115478515625	29.284955978393555
0.32708638360175696	16.74340057373047	43.89728927612305	15.782120704650879	38.28889083862305	27.605600357055664
0.32767203513909227	16.102401733398438	36.55653762817383	15.754989624023438	35.91069030761719	30.059101104736328
0.3282576866764275	16.74887466430664	35.26171875	14.813472747802734	31.112041473388672	29.860260009765625
0.3288433382137628	16.445289611816406	37.97330093383789	15.518750190734863	37.34142303466797	28.984949111938477
0.3294289897510981	16.267486572265625	40.021907806396484	16.015623092651367	39.08869171142578	30.828720092773438
0.3300146412884334	15.476290702819824	33.55371856689453	15.906404495239258	37.9562873840332	30.564115524291992
0.3306002928257687	16.7176456451416	35.17491149902344	15.668319702148438	34.10554122924805	27.770158767700195
0.33118594436310395	15.986477851867676	35.83980941772461	14.934185981750488	36.22587966918945	26.924264907836914
0.33177159590043925	16.459367752075195	38.138816833496094	15.595647811889648	37.87133026123047	27.48562240600586
0.3323572474377745	15.96162223815918	38.7646369934082	15.674973487854004	37.999229431152344	28.479366302490234
0.3329428989751098	15.273649215698242	39.97583770751953	14.79932689666748	35.308837890625	26.233861923217773
0.3335285505124451	15.279878616333008	34.796268463134766	15.108733177185059	38.45479202270508	29.100318908691406
0.3341142020497804	16.589807510375977	36.2153205871582	15.332842826843262	41.01524353027344	29.74985694885254
0.3346998535871157	15.834389686584473	39.17135238647461	15.240379333496094	35.328243255615234	26.250722885131836
0.33528550512445093	15.560614585876465	32.89213562011719	14.71395492553711	33.34882736206055	27.91346549987793
0.33587115666178624	16.491596221923828	33.791629791259766	15.448980331420898	39.18742370605469	26.372234344482422
0.33645680819912155	15.59907054901123	30.673416137695312	15.715002059936523	36.407875061035156	28.33597755432129
0.3370424597364568	15.0606107711792	34.094791412353516	14.765445709228516	38.32243347167969	26.44768524169922
0.3376281112737921	15.595300674438477	34.72406005859375	14.812029838562012	36.44462585449219	26.56645393371582
0.33821376281112736	15.307258605957031	35.75540542602539	15.151780128479004	34.51412582397461	26.68577003479004
0.33879941434846267	15.871960639953613	36.18015670776367	14.07791805267334	37.37065505981445	26.421466827392578
0.339385065885798	14.995055198669434	31.531452178955078	14.618431091308594	35.29563903808594	26.027841567993164
0.33997071742313323	15.903536796569824	35.30192947387695	13.908975601196289	39.372684478759766	25.10095977783203
0.34055636896046854	15.013396263122559	36.1722412109375	14.8179931640625	33.20862579345703	25.83553695678711
0.3411420204978038	15.496423721313477	33.10852813720703	14.260086059570312	35.76931381225586	26.625825881958008
0.3417276720351391	14.447916984558105	31.311765670776367	14.927642822265625	36.95270538330078	26.359539031982422
0.3423133235724744	14.771717071533203	31.824321746826172	14.838082313537598	35.484901428222656	26.143863677978516
0.34289897510980966	15.465760231018066	33.13314437866211	13.71407699584961	38.22689437866211	25.970458984375
0.34348462664714496	15.538633346557617	38.503807067871094	14.58387279510498	31.45726203918457	24.34674835205078
0.3440702781844802	14.312202453613281	36.14019012451172	13.90024471282959	31.181446075439453	26.449047088623047
0.3446559297218155	14.502459526062012	31.208406448364258	14.144632339477539	35.22201156616211	26.8421573638916
0.34524158125915083	14.377211570739746	31.805423736572266	13.409614562988281	33.39508056640625	25.63360595703125
0.3458272327964861	13.851137161254883	33.79725646972656	13.471586227416992	34.5131721496582	24.810304641723633
0.3464128843338214	13.958361625671387	32.19338607788086	13.427532196044922	32.12190628051758	24.99720573425293
0.34699853587115664	14.296680450439453	32.58198928833008	13.772547721862793	36.1922721862793	26.105382919311523
0.34758418740849195	14.370338439941406	31.149398803710938	13.937264442443848	33.41889953613281	23.175355911254883
0.34816983894582726	14.394330024719238	29.66997528076172	14.041157722473145	31.696697235107422	23.93604850769043
0.3487554904831625	13.109654426574707	30.927825927734375	13.473413467407227	33.31541442871094	24.27546501159668
0.3493411420204978	13.619839668273926	32.45151901245117	13.4978666305542	32.24835968017578	22.660219192504883
0.34992679355783307	14.211589813232422	31.598339080810547	13.228421211242676	29.282739639282227	24.569211959838867
0.3505124450951684	14.296333312988281	30.375028610229492	14.011298179626465	32.682655334472656	23.802536010742188
0.3510980966325037	14.407306671142578	33.1859130859375	12.921483039855957	30.001548767089844	23.863645553588867
0.35168374816983894	14.036816596984863	30.568706512451172	13.787680625915527	30.085851669311523	23.005006790161133
0.35226939970717425	14.669052124023438	33.118431091308594	12.606816291809082	30.407405853271484	23.410383224487305
0.3528550512445095	13.342202186584473	35.057167053222656	13.39382553100586	33.47724533081055	23.64307403564453
0.3534407027818448	13.731725692749023	29.5903263092041	13.54854679107666	28.024953842163086	23.58870506286621
0.3540263543191801	14.032901763916016	35.100975036621094	13.355425834655762	31.54473876953125	24.39907455444336
0.35461200585651537	14.23493766784668	29.477371215820312	13.09030818939209	30.042396545410156	24.348691940307617
0.3551976573938507	13.366204261779785	32.8072624206543	12.93212604522705	26.139549255371094	22.927349090576172
0.3557833089311859	12.901124000549316	28.052343368530273	12.629740715026855	25.801029205322266	22.369216918945312
0.35636896046852123	12.48830795288086	29.726154327392578	13.252263069152832	30.821683883666992	23.375507354736328
0.35695461200585654	12.857378959655762	33.96428298950195	13.268901824951172	27.05771255493164	22.70728302001953
0.3575402635431918	13.643037796020508	31.60489273071289	12.131067276000977	23.53207778930664	23.933612823486328
0.3581259150805271	12.931973457336426	30.64923667907715	12.442388534545898	29.88642120361328	22.047237396240234
0.35871156661786235	13.409200668334961	27.928863525390625	13.322611808776855	30.92992401123047	23.01986312866211
0.35929721815519766	12.652359008789062	30.932188034057617	12.985754013061523	30.2657470703125	22.965377807617188
0.35988286969253297	13.112761497497559	33.27061080932617	12.049853324890137	25.338024139404297	22.70807647705078
0.3604685212298682	12.695300102233887	27.330467224121094	12.079889297485352	31.899394989013672	21.56964111328125
0.36105417276720353	13.518820762634277	30.36606788635254	11.9729585647583	26.981618881225586	22.88287925720215
0.3616398243045388	12.871404647827148	29.89377212524414	12.716533660888672	28.776329040527344	20.17879295349121
0.3622254758418741	12.733508110046387	27.585399627685547	12.868412017822266	29.16594886779785	21.401283264160156
0.3628111273792094	13.017273902893066	31.038175582885742	11.917876243591309	27.554471969604492	21.2454776763916
0.36339677891654465	13.031364440917969	26.9597110748291	11.734881401062012	27.429344177246094	22.90818214416504
0.36398243045387996	12.456024169921875	28.61772918701172	12.904828071594238	28.366722106933594	22.07185935974121
0.3645680819912152	13.346711158752441	25.478832244873047	12.118678092956543	30.945093154907227	19.720947265625
0.3651537335285505	12.683110237121582	29.033008575439453	13.070558547973633	33.35570526123047	21.12392234802246
0.3657393850658858	12.807628631591797	26.90782356262207	12.413589477539062	30.000150680541992	21.681602478027344
0.3663250366032211	12.403810501098633	27.63628387451172	12.434457778930664	28.939739227294922	19.50067710876465
0.3669106881405564	12.366975784301758	26.21546745300293	12.189770698547363	28.935834884643555	22.43783187866211
0.36749633967789164	12.52742862701416	26.259693145751953	11.981772422790527	27.129024505615234	22.099842071533203
0.36808199121522694	12.848397254943848	27.594423294067383	11.73213005065918	31.302692413330078	21.036157608032227
0.36866764275256225	12.466405868530273	27.69180679321289	12.157907485961914	28.744869232177734	20.504270553588867
0.3692532942898975	12.202437400817871	24.95997428894043	11.674253463745117	29.524438858032227	22.04743003845215
0.3698389458272328	13.036246299743652	26.712425231933594	11.489846229553223	29.5161190032959	19.975330352783203
0.37042459736456806	12.208565711975098	22.809431076049805	12.238239288330078	27.86064338684082	20.454513549804688
0.37101024890190337	12.212604522705078	28.08251953125	12.332983016967773	30.02243995666504	19.856307983398438
0.3715959004392387	12.43796443939209	27.403274536132812	11.720050811767578	26.692167282104492	21.385395050048828
0.37218155197657393	12.640933990478516	32.80922317504883	11.685837745666504	26.20330238342285	19.55166244506836
0.37276720351390924	12.324973106384277	24.325944900512695	11.63001823425293	26.14362144470215	21.361244201660156
0.3733528550512445	12.553194046020508	24.49010467529297	12.419073104858398	25.497962951660156	20.219018936157227
0.3739385065885798	12.534737586975098	21.832910537719727	11.403433799743652	27.07666778564453	19.573720932006836
0.3745241581259151	12.493988037109375	27.543842315673828	11.320145606994629	27.708032608032227	19.958660125732422
0.37510980966325036	11.634438514709473	25.88525390625	11.29594898223877	27.28684425354004	19.768930435180664
0.37569546120058567	11.350404739379883	27.18661880493164	11.556754112243652	25.278165817260742	20.32337188720703
0.3762811127379209	12.148332595825195	28.395822525024414	11.866832733154297	31.34264373779297	19.366893768310547
0.3768667642752562	11.984904289245605	24.659549713134766	11.131734848022461	26.574134826660156	20.155458450317383
0.37745241581259154	10.980903625488281	27.063173294067383	11.429483413696289	28.769973754882812	21.25090789794922
0.3780380673499268	11.914904594421387	24.605735778808594	11.580491065979004	26.220176696777344	20.068897247314453
0.3786237188872621	11.767975807189941	25.574684143066406	11.20949935913086	25.000707626342773	21.090974807739258
0.37920937042459735	11.837032318115234	25.696908950805664	11.511656761169434	27.388591766357422	19.72757339477539
0.37979502196193266	11.607945442199707	21.729534149169922	11.96835994720459	27.693374633789062	19.143842697143555
0.38038067349926796	11.492661476135254	22.494384765625	11.411333084106445	27.565715789794922	18.865840911865234
0.3809663250366032	12.127745628356934	26.58856201171875	10.810084342956543	24.522977828979492	20.003488540649414
0.3815519765739385	11.02446174621582	27.550092697143555	11.233670234680176	25.374460220336914	19.877958297729492
0.3821376281112738	11.363615989685059	27.286027908325195	10.546615600585938	28.298564910888672	21.013139724731445
0.3827232796486091	10.858741760253906	24.84423828125	11.180842399597168	26.27042579650879	21.105972290039062
0.3833089311859444	11.867952346801758	24.6629581451416	11.013130187988281	23.301477432250977	20.695524215698242
0.38389458272327964	11.344651222229004	19.4805908203125	11.288039207458496	24.617151260375977	21.211566925048828
0.38448023426061495	11.254718780517578	23.32416343688965	10.994779586791992	23.078847885131836	19.52840232849121
0.3850658857979502	11.625406265258789	26.5429744720459	11.067190170288086	27.52623176574707	19.975582122802734
0.3856515373352855	11.0849609375	23.315776824951172	10.628010749816895	25.605243682861328	19.292558670043945
0.3862371888726208	12.097063064575195	24.171701431274414	11.175395011901855	25.416057586669922	19.477378845214844
0.38682284040995607	11.881511688232422	25.424264907836914	11.304978370666504	20.447616577148438	19.84199333190918
0.3874084919472914	10.620821952819824	21.77983283996582	10.667825698852539	24.85761260986328	18.882457733154297
0.38799414348462663	11.792500495910645	23.93907356262207	10.559505462646484	24.28443717956543	18.070905685424805
0.38857979502196194	11.067361831665039	24.22834587097168	10.48216438293457	24.497886657714844	19.432598114013672
0.38916544655929725	11.768523216247559	22.0015869140625	10.811827659606934	27.670137405395508	19.23497772216797
0.3897510980966325	11.412399291992188	25.120805740356445	11.172036170959473	23.835601806640625	18.272140502929688
0.3903367496339678	11.320086479187012	21.929882049560547	10.691316604614258	23.3791561126709	19.544979095458984
0.39092240117130306	11.230125427246094	22.934669494628906	11.269519805908203	18.654279708862305	18.900686264038086
0.39150805270863837	11.137673377990723	22.68314552307129	10.25264835357666	21.07956886291504	18.65475845336914
0.3920937042459737	11.506442070007324	23.36313819885254	10.505980491638184	24.259965896606445	17.624340057373047
0.3926793557833089	11.626625061035156	19.799083709716797	10.530556678771973	24.083635330200195	18.1595458984375
0.39326500732064423	11.016666412353516	20.750782012939453	10.858606338500977	23.8763370513916	18.435997009277344
0.3938506588579795	10.968994140625	22.140586853027344	10.892827987670898	22.476476669311523	17.816030502319336
0.3944363103953148	10.369868278503418	24.253633499145508	10.40926456451416	21.86859893798828	19.43512725830078
0.3950219619326501	10.372576713562012	21.418264389038086	10.427362442016602	22.079914093017578	18.054609298706055
0.39560761346998535	10.749293327331543	23.21462059020996	10.816890716552734	21.72047233581543	17.18445587158203
0.39619326500732066	10.636809349060059	25.438024520874023	10.305191040039062	23.453603744506836	17.792888641357422
0.3967789165446559	10.775261878967285	24.976755142211914	10.511157035827637	25.0766658782959	17.405590057373047
0.3973645680819912	11.025099754333496	20.302825927734375	10.552755355834961	25.11188316345215	18.35999298095703
0.39795021961932653	11.229931831359863	20.76685905456543	9.894947052001953	22.67626190185547	17.476604461669922
0.3985358711566618	10.566930770874023	19.65676498413086	10.36375617980957	24.035919189453125	16.615333557128906
0.3991215226939971	10.43011474609375	23.249849319458008	10.268386840820312	21.458993911743164	17.795459747314453
0.39970717423133234	10.504015922546387	20.254779815673828	10.181076049804688	24.193750381469727	17.06355857849121
0.40029282576866765	10.74182415008545	21.608728408813477	10.693602561950684	21.31241798400879	15.813919067382812
0.4008784773060029	10.91512680053711	23.299360275268555	10.685521125793457	24.940120697021484	17.56003761291504
0.4014641288433382	11.004011154174805	23.0256290435791	9.822453498840332	23.297138214111328	17.22785758972168
0.4020497803806735	10.319446563720703	19.681495666503906	9.729354858398438	18.661617279052734	15.754857063293457
0.40263543191800877	10.6546049118042	21.547382354736328	9.777347564697266	21.27275276184082	16.96973419189453
0.4032210834553441	10.048261642456055	21.95868492126465	10.189529418945312	20.765361785888672	15.926465034484863
0.40380673499267933	10.140931129455566	20.947071075439453	10.379406929016113	21.762540817260742	16.906652450561523
0.40439238653001464	10.35969066619873	22.941307067871094	9.570963859558105	20.949657440185547	16.69651985168457
0.40497803806734994	10.420220375061035	20.21364974975586	9.925148010253906	22.06739616394043	16.596933364868164
0.4055636896046852	9.783060073852539	22.48952293395996	9.824929237365723	20.731897354125977	15.207700729370117
0.4061493411420205	10.014044761657715	18.706886291503906	10.068784713745117	16.575302124023438	16.84568214416504
0.40673499267935576	10.087652206420898	19.256980895996094	10.03022575378418	17.54717254638672	16.2618350982666
0.40732064421669106	10.10439682006836	21.621444702148438	9.066582679748535	21.65423011779785	16.35712242126465
0.40790629575402637	10.278717041015625	21.18360710144043	10.02110767364502	21.66884994506836	15.82845687866211
0.4084919472913616	10.078248023986816	18.750652313232422	9.867218971252441	19.495813369750977	16.68099594116211
0.40907759882869693	10.2116117477417	18.869762420654297	9.596083641052246	21.69919204711914	15.95464038848877
0.4096632503660322	9.886922836303711	21.356550216674805	9.806499481201172	20.326942443847656	15.666339874267578
0.4102489019033675	10.092961311340332	20.79640769958496	9.900554656982422	16.282520294189453	15.870155334472656
0.4108345534407028	10.12844467163086	16.993125915527344	9.473087310791016	20.65581703186035	15.557819366455078
0.41142020497803805	10.192230224609375	18.262176513671875	9.600859642028809	20.43520736694336	15.275446891784668
0.41200585651537336	10.224609375	19.759279251098633	9.729658126831055	18.065181732177734	14.710867881774902
0.4125915080527086	9.494379997253418	20.01027488708496	9.640613555908203	20.232133865356445	15.005857467651367
0.4131771595900439	9.725110054016113	18.12642478942871	10.000706672668457	18.69532585144043	15.398043632507324
0.4137628111273792	9.566667556762695	18.22283172607422	9.864654541015625	19.276975631713867	15.759188652038574
0.4143484626647145	9.95197868347168	19.44556999206543	9.474934577941895	18.178428649902344	15.87570571899414
0.4149341142020498	9.826120376586914	17.328142166137695	9.361466407775879	17.863937377929688	15.270224571228027
0.41551976573938504	10.257625579833984	20.09189224243164	9.263340950012207	19.50579071044922	15.563984870910645
0.41610541727672035	9.795516967773438	18.73841094970703	9.70135498046875	18.463010787963867	15.401525497436523
0.41669106881405565	9.330841064453125	19.058021545410156	10.061371803283691	18.32166290283203	13.912285804748535
0.4172767203513909	9.978729248046875	16.8584041595459	9.900336265563965	19.65005874633789	15.320204734802246
0.4178623718887262	9.587912559509277	19.4230899810791	8.919149398803711	18.639345169067383	14.524618148803711
0.41844802342606147	9.430440902709961	17.474821090698242	9.551789283752441	19.98247718811035	14.978732109069824
0.4190336749633968	9.646777153015137	17.920650482177734	9.123126029968262	17.601211547851562	14.334906578063965
0.4196193265007321	9.739678382873535	16.540645599365234	8.962711334228516	20.664335250854492	13.953950881958008
0.42020497803806733	9.824312210083008	18.313465118408203	9.496091842651367	17.841794967651367	15.157621383666992
0.42079062957540264	9.506881713867188	19.080413818359375	9.363486289978027	20.397361755371094	15.04275131225586
0.4213762811127379	8.818497657775879	21.403871536254883	9.4302396774292	17.61452865600586	15.396235466003418
0.4219619326500732	9.700896263122559	16.68218231201172	9.041362762451172	19.62244987487793	14.027609825134277
0.4225475841874085	9.831387519836426	17.09549331665039	9.244061470031738	15.550557136535645	14.976204872131348
0.42313323572474376	9.652507781982422	18.237674713134766	9.765053749084473	20.83946418762207	13.929683685302734
0.42371888726207907	9.392051696777344	20.567228317260742	9.098827362060547	19.889925003051758	14.56673812866211
0.4243045387994143	9.738179206848145	18.073362350463867	9.552103996276855	17.32796859741211	14.211992263793945
0.42489019033674963	9.463956832885742	17.359167098999023	8.826812744140625	19.526845932006836	14.46214485168457
0.42547584187408494	9.576549530029297	18.684019088745117	9.792389869689941	19.314300537109375	14.402213096618652
0.4260614934114202	9.649918556213379	18.47300148010254	9.384283065795898	16.806745529174805	13.256290435791016
0.4266471449487555	9.592717170715332	16.126230239868164	9.402005195617676	18.571319580078125	14.758651733398438
0.42723279648609075	9.345418930053711	18.189489364624023	9.711214065551758	18.308473587036133	13.889399528503418
0.42781844802342606	9.545557975769043	16.670692443847656	9.21320629119873	16.15846824645996	13.258528709411621
0.42840409956076136	9.05224609375	18.91172981262207	8.912672996520996	20.19082260131836	14.52881908416748
0.4289897510980966	9.18542766571045	16.763368606567383	8.864517211914062	17.590490341186523	14.241666793823242
0.4295754026354319	9.048357963562012	19.068988800048828	9.056365013122559	16.41423225402832	14.490926742553711
0.4301610541727672	9.361964225769043	18.386987686157227	9.147859573364258	15.127165794372559	12.810867309570312
0.4307467057101025	9.646562576293945	16.039722442626953	8.608857154846191	18.80646514892578	14.024593353271484
0.4313323572474378	9.767252922058105	17.77951431274414	9.11749267578125	16.51089859008789	13.554186820983887
0.43191800878477304	9.428091049194336	17.98678970336914	9.127121925354004	14.706157684326172	13.740671157836914
0.43250366032210835	9.183939933776855	16.327016830444336	9.160144805908203	15.70999526977539	13.104426383972168
0.4330893118594436	9.685434341430664	17.067140579223633	9.148208618164062	18.72800636291504	13.283985137939453
0.4336749633967789	9.570302963256836	20.75270652770996	8.802949905395508	15.522851943969727	12.586791038513184
0.4342606149341142	9.667001724243164	16.237733840942383	9.159528732299805	17.733076095581055	13.976752281188965
0.43484626647144947	9.173635482788086	16.242921829223633	8.884038925170898	16.765670776367188	13.467830657958984
0.4354319180087848	9.187793731689453	16.827951431274414	8.792974472045898	17.53948402404785	14.429500579833984
0.43601756954612003	9.02316951751709	15.58930778503418	8.639961242675781	17.465084075927734	12.757431983947754
0.43660322108345534	8.942235946655273	15.449592590332031	8.578337669372559	16.897077560424805	13.615678787231445
0.43718887262079065	8.832695007324219	15.165814399719238	8.749075889587402	16.952457427978516	13.15924072265625
0.4377745241581259	9.546273231506348	16.81172752380371	8.878928184509277	18.377822875976562	12.819835662841797
0.4383601756954612	8.697992324829102	16.73081398010254	9.605203628540039	17.399642944335938	12.941142082214355
0.43894582723279646	9.026844024658203	16.432565689086914	9.069283485412598	14.611583709716797	13.128850936889648
0.43953147877013177	9.119942665100098	16.199277877807617	9.362616539001465	16.66166877746582	12.651329040527344
0.4401171303074671	9.098097801208496	19.28188133239746	8.60347843170166	16.319904327392578	12.12967300415039
0.4407027818448023	9.34910774230957	17.008384704589844	8.849595069885254	17.683433532714844	12.803617477416992
0.44128843338213763	9.031973838806152	14.904233932495117	9.16668701171875	17.008638381958008	13.075057983398438
0.4418740849194729	9.312148094177246	16.330272674560547	8.827842712402344	17.177001953125	12.16602611541748
0.4424597364568082	8.862546920776367	18.11435317993164	9.345880508422852	15.03647518157959	12.868258476257324
0.4430453879941435	9.450496673583984	16.696767807006836	9.207645416259766	15.234034538269043	13.131104469299316
0.44363103953147875	9.04900074005127	18.073036193847656	8.962656021118164	16.37815284729004	11.921056747436523
0.44421669106881406	9.039740562438965	15.21257209777832	8.826231956481934	16.341447830200195	13.226758003234863
0.4448023426061493	8.880390167236328	16.395936965942383	8.45029354095459	13.710199356079102	12.850863456726074
0.4453879941434846	9.410931587219238	14.08976936340332	8.79914379119873	14.197946548461914	12.634881019592285
0.44597364568081993	9.258017539978027	16.376596450805664	8.647167205810547	15.156248092651367	12.814070701599121
0.4465592972181552	9.1867036819458	15.904423713684082	8.647907257080078	15.484004020690918	12.5823335647583
0.4471449487554905	8.975772857666016	13.072590827941895	8.600017547607422	16.2075138092041	12.817449569702148
0.44773060029282574	8.462811470031738	14.96385383605957	9.221517562866211	17.274229049682617	12.158354759216309
0.44831625183016105	8.809577941894531	14.789127349853516	8.703739166259766	16.550371170043945	12.33595085144043
0.44890190336749636	8.896008491516113	16.76064109802246	8.697771072387695	16.856122970581055	12.89257526397705
0.4494875549048316	8.67585277557373	15.194591522216797	8.702157974243164	15.67747688293457	12.98273754119873
0.4500732064421669	9.151259422302246	13.885209083557129	9.063335418701172	14.823358535766602	13.240793228149414
0.45065885797950217	8.591706275939941	15.536081314086914	8.865995407104492	17.027484893798828	11.915454864501953
0.4512445095168375	8.766478538513184	13.963683128356934	8.754715919494629	17.187320709228516	12.078805923461914
0.4518301610541728	9.029520988464355	15.210166931152344	8.880972862243652	17.176420211791992	12.090577125549316
0.45241581259150804	8.157251358032227	14.297677040100098	8.655025482177734	16.8758544921875	12.062416076660156
0.45300146412884335	9.029375076293945	15.760751724243164	8.59950065612793	14.748689651489258	11.750625610351562
0.4535871156661786	8.765095710754395	15.318607330322266	8.293510437011719	16.437538146972656	12.520881652832031
0.4541727672035139	8.913328170776367	14.109764099121094	9.060419082641602	14.937604904174805	11.491433143615723
0.4547584187408492	8.876526832580566	13.075140953063965	8.508098602294922	13.657801628112793	12.482800483703613
0.45534407027818447	8.244429588317871	15.178837776184082	8.606834411621094	15.335549354553223	11.739933013916016
0.4559297218155198	8.547409057617188	13.252791404724121	9.069931983947754	15.049099922180176	12.184500694274902
0.456515373352855	8.268396377563477	16.465164184570312	8.92426586151123	13.215659141540527	12.331526756286621
0.45710102489019033	8.528864860534668	15.801701545715332	8.510403633117676	15.550917625427246	11.570098876953125
0.45768667642752564	8.74111270904541	15.183588981628418	8.043362617492676	14.493651390075684	12.35925579071045
0.4582723279648609	8.252082824707031	13.50500202178955	8.793886184692383	13.44069766998291	12.141459465026855
0.4588579795021962	8.621489524841309	14.229682922363281	8.518674850463867	16.347789764404297	12.475299835205078
0.45944363103953145	8.832645416259766	13.676370620727539	8.653042793273926	15.445523262023926	12.542747497558594
0.46002928257686676	8.994793891906738	14.632774353027344	8.830068588256836	13.744149208068848	11.97207260131836
0.46061493411420207	8.451153755187988	15.310436248779297	8.195869445800781	14.70429801940918	12.405950546264648
0.4612005856515373	8.422164916992188	14.491567611694336	8.494786262512207	14.51636028289795	11.261076927185059
0.46178623718887263	8.57602596282959	12.256616592407227	7.899824619293213	13.810470581054688	11.523441314697266
0.4623718887262079	8.387825965881348	14.869245529174805	8.677899360656738	15.412141799926758	11.457559585571289
0.4629575402635432	8.463470458984375	14.233039855957031	8.72795295715332	13.664153099060059	11.786591529846191
0.4635431918008785	8.559804916381836	14.452987670898438	8.274904251098633	13.109902381896973	12.14441967010498
0.46412884333821375	8.583769798278809	12.999099731445312	8.272845268249512	12.461138725280762	11.390092849731445
0.46471449487554906	8.538147926330566	12.457592964172363	8.599039077758789	13.460753440856934	11.334376335144043
0.4653001464128843	8.377368927001953	16.187198638916016	8.33779239654541	11.906536102294922	11.595196723937988
0.4658857979502196	8.573282241821289	13.302165031433105	7.931458473205566	13.520761489868164	11.629399299621582
0.4664714494875549	8.836426734924316	13.953389167785645	8.311986923217773	12.89791202545166	12.131580352783203
0.4670571010248902	8.916618347167969	15.403690338134766	8.008068084716797	13.014103889465332	11.89687728881836
0.4676427525622255	8.157437324523926	14.680301666259766	8.542661666870117	15.215604782104492	11.920182228088379
0.46822840409956074	8.457353591918945	15.132596969604492	8.546504020690918	14.22088623046875	11.433979034423828
0.46881405563689604	8.399659156799316	15.471514701843262	8.075905799865723	14.59566593170166	10.365066528320312
0.46939970717423135	8.085991859436035	15.389325141906738	8.54216480255127	13.204523086547852	11.308404922485352
0.4699853587115666	8.37707233428955	14.95042610168457	8.123750686645508	15.157505989074707	11.569132804870605
0.4705710102489019	8.148114204406738	13.712296485900879	8.169650077819824	13.47651195526123	10.62037467956543
0.47115666178623716	8.05812931060791	13.368664741516113	8.412792205810547	12.54012393951416	10.677157402038574
0.47174231332357247	8.351006507873535	12.149439811706543	8.133930206298828	13.05785846710205	11.40084457397461
0.4723279648609078	7.8997721672058105	13.111364364624023	8.092567443847656	13.161368370056152	11.853328704833984
0.47291361639824303	8.188555717468262	13.83202838897705	8.099774360656738	14.47530746459961	11.087350845336914
0.47349926793557834	7.952761650085449	14.127457618713379	8.186650276184082	14.007240295410156	11.4243803024292
0.4740849194729136	8.706018447875977	11.752371788024902	8.085206031799316	14.546928405761719	11.10448169708252
0.4746705710102489	8.52839469909668	12.627732276916504	7.517110824584961	13.667003631591797	11.166773796081543
0.4752562225475842	7.987534999847412	12.019408226013184	7.802232265472412	12.739054679870605	11.570901870727539
0.47584187408491946	8.351863861083984	11.218195915222168	8.761635780334473	12.855257034301758	10.447546005249023
0.47642752562225477	8.463851928710938	12.554479598999023	8.312285423278809	13.781599044799805	10.826549530029297
0.47701317715959	8.076129913330078	13.392041206359863	8.08464527130127	14.11870288848877	10.191573143005371
0.4775988286969253	7.990357875823975	12.741800308227539	8.205130577087402	13.399662971496582	10.495484352111816
0.47818448023426063	8.589170455932617	12.436957359313965	8.002656936645508	12.821837425231934	10.24440860748291
0.4787701317715959	8.031505584716797	11.491558074951172	7.740165710449219	14.297101020812988	10.793533325195312
0.4793557833089312	8.085250854492188	13.205658912658691	7.862412452697754	12.330358505249023	10.890978813171387
0.47994143484626645	8.434263229370117	12.940112113952637	7.883876800537109	13.679969787597656	10.20241928100586
0.48052708638360175	8.228562355041504	13.026946067810059	8.208720207214355	13.260457038879395	11.032855987548828
0.48111273792093706	8.085554122924805	13.064117431640625	7.830681324005127	12.082452774047852	10.56298542022705
0.4816983894582723	8.454954147338867	13.824905395507812	8.366071701049805	13.1199312210083	10.794041633605957
0.4822840409956076	8.00666332244873	13.558815002441406	8.447900772094727	11.700730323791504	10.959650039672852
0.4828696925329429	8.07282543182373	12.885817527770996	8.304874420166016	13.08346939086914	10.127307891845703
0.4834553440702782	8.294721603393555	10.932205200195312	8.40005874633789	13.580011367797852	10.776101112365723
0.4840409956076135	8.134357452392578	12.415642738342285	8.054805755615234	12.2958402633667	10.213008880615234
0.48462664714494874	7.962575435638428	13.237375259399414	7.874754905700684	10.555412292480469	10.298812866210938
0.48521229868228405	7.848557949066162	11.683043479919434	8.124445915222168	13.464776039123535	10.235932350158691
0.4857979502196193	7.637539386749268	11.753714561462402	7.935214042663574	12.666596412658691	10.317499160766602
0.4863836017569546	7.587712287902832	11.91463565826416	7.806840896606445	12.038016319274902	9.988171577453613
0.4869692532942899	8.073868751525879	11.477325439453125	7.608585834503174	12.524828910827637	10.343109130859375
0.48755490483162517	7.78753662109375	13.585564613342285	8.239628791809082	12.434843063354492	11.277105331420898
0.4881405563689605	8.147279739379883	10.835611343383789	8.535890579223633	11.81768798828125	10.416631698608398
0.48872620790629573	8.129653930664062	11.830979347229004	8.170211791992188	10.958491325378418	10.546236038208008
0.48931185944363104	7.686470031738281	13.87034797668457	7.757847785949707	13.326483726501465	10.102195739746094
0.48989751098096634	8.156925201416016	12.032673835754395	8.506637573242188	13.075839042663574	9.82875919342041
0.4904831625183016	8.15981388092041	13.207449913024902	7.810393810272217	13.821203231811523	9.856660842895508
0.4910688140556369	7.902279376983643	11.769874572753906	7.638045787811279	11.291415214538574	9.951443672180176
0.49165446559297216	7.787761688232422	13.188702583312988	8.436168670654297	12.580859184265137	10.754141807556152
0.49224011713030746	8.102729797363281	11.043420791625977	7.7117180824279785	11.25682258605957	9.91864013671875
0.49282576866764277	8.05116081237793	10.594826698303223	8.10483455657959	13.026905059814453	10.135411262512207
0.493411420204978	7.984429836273193	11.08481216430664	7.7359619140625	13.220369338989258	10.477981567382812
0.49399707174231333	7.605134963989258	14.009170532226562	7.699549674987793	13.074798583984375	10.48009204864502
0.4945827232796486	8.463478088378906	12.174493789672852	8.476774215698242	11.841998100280762	10.223322868347168
0.4951683748169839	8.254534721374512	12.015400886535645	7.735173225402832	12.90412425994873	9.982950210571289
0.4957540263543192	7.99377965927124	11.967591285705566	8.107924461364746	13.195720672607422	9.975296974182129
0.49633967789165445	8.45312786102295	10.824986457824707	7.671980857849121	11.53714656829834	10.089824676513672
0.49692532942898976	8.059326171875	12.390372276306152	8.019939422607422	13.018049240112305	9.650150299072266
0.497510980966325	8.280558586120605	12.801830291748047	7.86407995223999	11.066446304321289	10.385708808898926
0.4980966325036603	7.911387920379639	10.552790641784668	7.903936386108398	11.351279258728027	9.553433418273926
0.4986822840409956	7.985413074493408	11.808079719543457	7.458032608032227	11.738174438476562	9.732413291931152
0.4992679355783309	8.339996337890625	11.755132675170898	7.676669120788574	11.950289726257324	10.087760925292969
0.4998535871156662	8.146594047546387	11.59697437286377	7.7679972648620605	11.9302978515625	10.006579399108887
0.5004392386530014	8.047419548034668	11.087152481079102	8.482342720031738	12.849992752075195	9.708283424377441
0.5010248901903368	7.708410739898682	11.420666694641113	7.975451469421387	12.432064056396484	9.980192184448242
0.501610541727672	7.843941688537598	10.735480308532715	7.4886474609375	11.343449592590332	9.870863914489746
0.5021961932650073	8.39865779876709	11.950222969055176	8.423218727111816	12.453420639038086	10.585911750793457
0.5027818448023426	8.110550880432129	11.576027870178223	7.237903594970703	12.048049926757812	9.701802253723145
0.5033674963396779	7.514526844024658	10.753559112548828	7.619546890258789	12.335365295410156	9.6168794631958
0.5039531478770132	7.830469608306885	11.337700843811035	8.425416946411133	11.12253189086914	9.954758644104004
0.5045387994143484	8.380719184875488	9.743399620056152	7.682942867279053	11.251144409179688	10.051453590393066
0.5051244509516838	8.168232917785645	11.099592208862305	7.838038444519043	11.35566234588623	9.633672714233398
0.505710102489019	7.838962554931641	11.951742172241211	7.9643425941467285	13.103161811828613	9.48164176940918
0.5062957540263543	8.27987003326416	12.961506843566895	7.789949893951416	12.525046348571777	9.93041706085205
0.5068814055636897	7.816204071044922	9.357866287231445	7.448976993560791	11.448348999023438	10.157267570495605
0.5074670571010249	7.990355491638184	12.987359046936035	7.97811222076416	11.536484718322754	9.636258125305176
0.5080527086383602	7.670004844665527	11.375869750976562	8.010784149169922	10.849038124084473	9.79769229888916
0.5086383601756954	7.563488483428955	9.184415817260742	7.801174163818359	11.589428901672363	9.35355281829834
0.5092240117130308	7.642457008361816	11.050613403320312	8.02451229095459	10.696186065673828	9.68414306640625
0.509809663250366	7.933729648590088	11.596784591674805	8.134251594543457	10.068252563476562	9.521223068237305
0.5103953147877013	7.878072738647461	10.909955024719238	7.892435073852539	12.293319702148438	9.606067657470703
0.5109809663250366	7.9357171058654785	9.93060302734375	7.4279608726501465	9.603360176086426	9.787741661071777
0.5115666178623719	8.183839797973633	11.318020820617676	7.674153804779053	11.459969520568848	9.713333129882812
0.5121522693997071	7.486972332000732	12.171825408935547	7.747750759124756	11.069902420043945	10.105081558227539
0.5127379209370425	7.631974220275879	11.302359580993652	8.00753116607666	11.09078598022461	9.915491104125977
0.5133235724743778	7.942992210388184	11.126331329345703	8.086538314819336	10.814233779907227	9.800108909606934
0.513909224011713	7.918181419372559	11.007548332214355	7.847952365875244	10.910468101501465	9.358643531799316
0.5144948755490483	7.812221527099609	11.793810844421387	7.703807830810547	12.05837345123291	8.543365478515625
0.5150805270863836	8.283204078674316	12.048556327819824	7.8772969245910645	10.00577163696289	9.994767189025879
0.5156661786237189	7.595275402069092	10.850500106811523	7.62660026550293	10.698199272155762	9.301197052001953
0.5162518301610541	7.7026166915893555	10.639481544494629	7.8245110511779785	11.686963081359863	9.336525917053223
0.5168374816983895	8.104394912719727	10.714400291442871	7.3043036460876465	10.539310455322266	8.710247993469238
0.5174231332357248	7.869105815887451	10.694029808044434	7.819840431213379	11.081332206726074	9.734628677368164
0.51800878477306	7.928128242492676	10.151328086853027	7.624885559082031	11.266475677490234	9.25562572479248
0.5185944363103954	7.491482734680176	10.203512191772461	7.738239288330078	11.085729598999023	9.66761302947998
0.5191800878477306	7.919185638427734	11.675683975219727	7.562011241912842	10.97710132598877	9.693136215209961
0.5197657393850659	8.090630531311035	11.51206111907959	7.51064920425415	9.811249732971191	10.197118759155273
0.5203513909224011	8.06867504119873	11.557024955749512	8.029934883117676	11.777139663696289	9.171793937683105
0.5209370424597365	7.982828617095947	9.818477630615234	7.638539791107178	9.68000602722168	10.146488189697266
0.5215226939970717	7.923140525817871	9.972970008850098	7.936832427978516	10.680201530456543	9.531253814697266
0.522108345534407	7.598670959472656	11.155698776245117	8.077479362487793	11.422852516174316	9.827978134155273
0.5226939970717424	7.673223495483398	11.731786727905273	7.518988132476807	9.988432884216309	9.72243881225586
0.5232796486090776	7.840054988861084	12.028959274291992	7.469363212585449	10.07763671875	9.222278594970703
0.5238653001464129	7.915287494659424	10.212868690490723	7.6404314041137695	10.835180282592773	9.594762802124023
0.5244509516837482	7.554172039031982	10.365339279174805	7.576269626617432	11.758953094482422	8.59299373626709
0.5250366032210835	7.84151029586792	12.255683898925781	7.777559280395508	11.848337173461914	9.660759925842285
0.5256222547584187	7.868988513946533	9.610447883605957	7.603244304656982	9.973828315734863	9.47156047821045
0.526207906295754	7.744315147399902	9.98885440826416	7.509296894073486	8.448648452758789	9.278411865234375
0.5267935578330893	7.562483310699463	10.822504997253418	7.451629638671875	10.279902458190918	9.650460243225098
0.5273792093704246	7.879801273345947	9.486795425415039	8.085433006286621	12.04007339477539	9.784071922302246
0.5279648609077598	7.8870415687561035	9.248823165893555	7.367026329040527	11.836172103881836	9.152993202209473
0.5285505124450952	7.915537357330322	10.313830375671387	8.025789260864258	10.636982917785645	9.545968055725098
0.5291361639824305	7.534780025482178	10.604212760925293	7.573747634887695	10.043325424194336	8.717331886291504
0.5297218155197657	7.487109661102295	10.91213321685791	7.583816051483154	10.861114501953125	9.391585350036621
0.5303074670571011	7.829738140106201	10.65669059753418	7.821452617645264	12.748026847839355	9.230759620666504
0.5308931185944363	7.229815483093262	9.920682907104492	7.644084930419922	9.317342758178711	9.159805297851562
0.5314787701317716	7.398273468017578	9.668344497680664	7.838927745819092	10.759239196777344	8.723261833190918
0.5320644216691068	7.26117467880249	11.686147689819336	7.514827728271484	12.309694290161133	9.610654830932617
0.5326500732064422	7.610767364501953	9.603787422180176	8.138195037841797	10.121208190917969	9.077340126037598
0.5332357247437775	7.87509298324585	10.281771659851074	7.6236748695373535	10.304391860961914	8.806456565856934
0.5338213762811127	7.640120029449463	10.509321212768555	7.726624965667725	10.342350959777832	10.098508834838867
0.5344070278184481	7.7993388175964355	9.403725624084473	7.332841873168945	10.514080047607422	8.655638694763184
0.5349926793557833	7.614735126495361	12.080838203430176	7.964881896972656	9.831843376159668	8.656159400939941
0.5355783308931186	7.845388412475586	9.51525592803955	7.513616561889648	9.268310546875	8.876378059387207
0.5361639824304539	7.824577331542969	11.730364799499512	7.9717583656311035	10.801142692565918	10.23719310760498
0.5367496339677892	8.129168510437012	9.592366218566895	7.745647430419922	10.335677146911621	8.9467134475708
0.5373352855051244	7.403174877166748	10.770857810974121	7.635219097137451	9.20344066619873	9.137975692749023
0.5379209370424597	7.9110870361328125	11.510741233825684	7.856806755065918	10.571059226989746	9.54711627960205
0.538506588579795	7.310083389282227	9.86003589630127	7.757423400878906	10.912656784057617	8.777798652648926
0.5390922401171303	7.9549760818481445	9.3179292678833	7.963712215423584	8.870243072509766	9.458135604858398
0.5396778916544656	7.198032855987549	10.075854301452637	7.460163116455078	9.542656898498535	9.131050109863281
0.5402635431918009	7.462295055389404	9.642303466796875	7.180108070373535	9.737067222595215	8.883332252502441
0.5408491947291362	7.526642799377441	10.165740966796875	7.747420310974121	11.563624382019043	8.101762771606445
0.5414348462664714	7.755308151245117	9.808867454528809	8.028097152709961	8.907181739807129	9.004474639892578
0.5420204978038068	7.7322163581848145	10.153742790222168	7.631193161010742	9.529485702514648	8.822813987731934
0.542606149341142	7.792090892791748	11.24626636505127	7.858630180358887	10.353954315185547	9.513519287109375
0.5431918008784773	7.6143670082092285	10.446285247802734	7.609827995300293	10.172760963439941	9.194591522216797
0.5437774524158125	8.11308479309082	10.208860397338867	7.848540306091309	9.231531143188477	8.712891578674316
0.5443631039531479	7.681881427764893	10.44240665435791	7.583154678344727	10.185176849365234	9.101444244384766
0.5449487554904832	7.590873718261719	9.228568077087402	7.393789768218994	9.08326244354248	8.447113037109375
0.5455344070278184	7.578437805175781	9.616083145141602	7.49280309677124	10.360218048095703	9.069971084594727
0.5461200585651538	7.497951030731201	9.239801406860352	6.973962306976318	10.444357872009277	8.591863632202148
0.546705710102489	7.9370622634887695	9.089879989624023	7.712882995605469	9.385007858276367	8.958931922912598
0.5472913616398243	7.636006832122803	10.150529861450195	7.477154731750488	10.863775253295898	8.677276611328125
0.5478770131771596	7.491205215454102	9.310577392578125	7.914357662200928	9.674107551574707	8.98285961151123
0.5484626647144949	7.907700538635254	10.202754020690918	7.141178607940674	10.300286293029785	8.58741283416748
0.5490483162518301	7.7918009757995605	9.722166061401367	7.894577980041504	10.055248260498047	8.55262279510498
0.5496339677891654	7.1786885261535645	8.656414985656738	7.419696807861328	8.987125396728516	8.957185745239258
0.5502196193265008	7.686848163604736	10.305405616760254	7.460066318511963	9.43023681640625	8.528759002685547
0.550805270863836	7.921047210693359	9.54928970336914	7.702692985534668	9.806039810180664	9.021491050720215
0.5513909224011713	7.840701103210449	8.584015846252441	7.521424293518066	9.931185722351074	8.635882377624512
0.5519765739385066	7.689052104949951	9.08437728881836	7.869261741638184	9.275528907775879	8.855999946594238
0.5525622254758419	7.670975685119629	9.149381637573242	7.60231351852417	9.861414909362793	9.104016304016113
0.5531478770131771	7.572207450866699	9.16504192352295	7.2393717765808105	11.104009628295898	8.925664901733398
0.5537335285505125	7.52645206451416	10.126641273498535	7.85679817199707	9.190545082092285	8.339216232299805
0.5543191800878478	7.8073248863220215	10.611230850219727	7.75260591506958	8.923846244812012	8.258472442626953
0.554904831625183	8.05504322052002	10.101466178894043	7.50004768371582	11.102808952331543	9.02353572845459
0.5554904831625183	7.525404453277588	8.576421737670898	7.445984840393066	10.417798042297363	8.454110145568848
0.5560761346998536	7.427402496337891	9.234776496887207	7.825687885284424	9.048487663269043	8.41031265258789
0.5566617862371889	7.747783660888672	9.036703109741211	7.7873148918151855	8.402250289916992	8.461304664611816
0.5572474377745241	7.552555084228516	10.229467391967773	7.408719062805176	9.33475399017334	8.78555965423584
0.5578330893118595	7.54105281829834	9.905909538269043	7.23092794418335	10.305925369262695	8.064332962036133
0.5584187408491947	7.696388244628906	9.51722526550293	7.431065559387207	9.249410629272461	8.298489570617676
0.55900439238653	7.361087322235107	9.537850379943848	7.3650102615356445	8.625394821166992	8.625082015991211
0.5595900439238654	7.437332630157471	8.519087791442871	7.4340009689331055	10.062287330627441	8.492141723632812
0.5601756954612006	7.402669906616211	8.570486068725586	7.318218231201172	10.287500381469727	8.981534957885742
0.5607613469985359	7.683160781860352	8.964634895324707	7.481761455535889	10.498836517333984	8.107627868652344
0.5613469985358711	8.042556762695312	9.887064933776855	7.843759536743164	10.028785705566406	8.379486083984375
0.5619326500732065	7.863986968994141	8.7736234664917	7.38770866394043	8.965998649597168	7.9939775466918945
0.5625183016105417	7.488737106323242	9.44891357421875	7.5053253173828125	10.169302940368652	9.454598426818848
0.563103953147877	7.5970869064331055	10.191842079162598	7.549700736999512	9.802281379699707	8.417689323425293
0.5636896046852123	7.303316116333008	10.944272994995117	7.5683746337890625	8.939584732055664	9.037949562072754
0.5642752562225476	7.495646953582764	10.414971351623535	7.584532737731934	9.594827651977539	7.940855026245117
0.5648609077598828	7.571992874145508	7.611231803894043	7.554819583892822	9.080831527709961	8.419756889343262
0.5654465592972182	7.122247695922852	10.001239776611328	7.263513088226318	10.083511352539062	8.822611808776855
0.5660322108345535	7.593011379241943	10.261451721191406	7.725437164306641	8.967192649841309	8.539888381958008
0.5666178623718887	7.418678283691406	9.334686279296875	7.429915904998779	10.076133728027344	8.415474891662598
0.567203513909224	7.464064598083496	9.690701484680176	7.922481536865234	9.070833206176758	9.126030921936035
0.5677891654465593	7.850621700286865	10.533431053161621	7.6525115966796875	9.310223579406738	7.976831436157227
0.5683748169838946	7.218540191650391	8.866701126098633	7.529254913330078	9.311236381530762	7.959783554077148
0.5689604685212298	7.454877853393555	8.830488204956055	7.4424729347229	10.61883544921875	9.138382911682129
0.5695461200585652	7.773989200592041	8.698466300964355	7.733064651489258	9.145841598510742	8.33983039855957
0.5701317715959004	7.2347259521484375	9.0933837890625	7.351984977722168	8.85921573638916	9.020174980163574
0.5707174231332357	7.577009201049805	9.929601669311523	7.852970123291016	9.507699012756348	8.017087936401367
0.5713030746705711	7.528615474700928	9.276559829711914	7.432371139526367	9.443647384643555	8.375387191772461
0.5718887262079063	7.14858341217041	8.6139497756958	7.504570960998535	9.152637481689453	8.789395332336426
0.5724743777452416	7.332252502441406	8.398032188415527	7.387109279632568	8.764032363891602	8.41473388671875
0.5730600292825768	7.413633823394775	9.361162185668945	7.426184177398682	8.201081275939941	8.741059303283691
0.5736456808199122	7.480508327484131	9.332058906555176	7.1406331062316895	8.725173950195312	8.185298919677734
0.5742313323572474	7.546852111816406	8.659146308898926	7.639281749725342	9.583036422729492	8.529111862182617
0.5748169838945827	7.865026473999023	7.919363498687744	7.773340225219727	11.429856300354004	8.745362281799316
0.575402635431918	7.325053691864014	8.024531364440918	7.1620354652404785	9.835426330566406	8.313385009765625
0.5759882869692533	7.2231879234313965	8.133566856384277	7.3995747566223145	8.827692985534668	8.422855377197266
0.5765739385065886	7.309108257293701	8.764908790588379	7.354866981506348	8.658710479736328	8.795201301574707
0.5771595900439239	7.375836372375488	8.43007755279541	7.02211332321167	8.644539833068848	8.323751449584961
0.5777452415812592	7.272543430328369	9.093786239624023	6.999507904052734	10.240530967712402	8.454764366149902
0.5783308931185944	7.150669574737549	8.551397323608398	6.956089496612549	9.342144966125488	8.795218467712402
0.5789165446559297	7.3086934089660645	8.652217864990234	7.4298882484436035	9.326282501220703	8.710357666015625
0.579502196193265	7.497687816619873	8.867877960205078	7.70591402053833	9.363134384155273	7.646653652191162
0.5800878477306003	7.099325180053711	9.309208869934082	7.08791446685791	9.978519439697266	8.193421363830566
0.5806734992679355	7.159144878387451	6.985270977020264	7.597155570983887	9.591702461242676	8.079418182373047
0.5812591508052709	7.273162841796875	8.860087394714355	7.990235805511475	9.451533317565918	8.089534759521484
0.5818448023426062	7.426893711090088	9.070778846740723	7.5464043617248535	9.087807655334473	8.404934883117676
0.5824304538799414	7.591439723968506	9.268993377685547	7.30790376663208	9.300605773925781	7.7575364112854
0.5830161054172768	7.250385761260986	8.32211685180664	7.42335319519043	9.600797653198242	8.27895736694336
0.583601756954612	7.627316951751709	8.647987365722656	7.508633136749268	10.048184394836426	8.885091781616211
0.5841874084919473	7.3997907638549805	8.54863166809082	7.7383551597595215	8.966693878173828	8.291571617126465
0.5847730600292825	7.5814290046691895	8.732802391052246	7.557769775390625	8.803022384643555	8.093794822692871
0.5853587115666179	7.451143264770508	8.836980819702148	7.58798360824585	8.591875076293945	8.730756759643555
0.5859443631039531	7.424386978149414	8.76907730102539	7.1820244789123535	8.957259178161621	8.18281078338623
0.5865300146412884	7.947439670562744	8.49438762664795	7.6977386474609375	8.872535705566406	8.15953254699707
0.5871156661786238	7.3465118408203125	8.17220687866211	7.325201511383057	8.325493812561035	8.585766792297363
0.587701317715959	6.968273162841797	9.0823974609375	7.41400671005249	9.9955472946167	7.961768627166748
0.5882869692532943	7.629836559295654	8.098864555358887	7.448139667510986	10.057873725891113	8.436223030090332
0.5888726207906296	7.470194339752197	7.974442958831787	7.418346405029297	8.934272766113281	8.93865966796875
0.5894582723279649	7.415759086608887	8.507542610168457	7.358994483947754	9.004136085510254	7.760033130645752
0.5900439238653001	7.655693531036377	8.302330017089844	7.050467014312744	9.004918098449707	8.108129501342773
0.5906295754026354	7.619243144989014	9.398162841796875	7.4462361335754395	8.935959815979004	8.725604057312012
0.5912152269399708	7.087296009063721	8.147520065307617	7.754337310791016	10.934410095214844	8.450506210327148
0.591800878477306	7.439504146575928	9.013075828552246	7.645697116851807	9.281243324279785	8.306197166442871
0.5923865300146413	7.213535785675049	9.141607284545898	7.704912185668945	8.265645027160645	8.734829902648926
0.5929721815519766	7.8369317054748535	8.557032585144043	7.4292378425598145	8.522588729858398	8.640745162963867
0.5935578330893119	7.555576324462891	8.771221160888672	7.452049732208252	8.20209789276123	8.071273803710938
0.5941434846266471	7.322861671447754	7.851316928863525	7.40589714050293	8.460039138793945	8.03477954864502
0.5947291361639825	7.387914180755615	9.20313549041748	7.2691168785095215	8.677721977233887	7.66898775100708
0.5953147877013177	7.38776159286499	8.991324424743652	7.278131484985352	8.82602596282959	8.410443305969238
0.595900439238653	7.382020950317383	8.717327117919922	7.212189197540283	8.403778076171875	8.259719848632812
0.5964860907759882	7.250431537628174	8.925631523132324	7.874868392944336	8.595480918884277	8.99312973022461
0.5970717423133236	7.656357288360596	7.752299785614014	7.356706619262695	7.25839900970459	8.950749397277832
0.5976573938506589	7.283734321594238	8.680520057678223	7.025644779205322	8.44600772857666	8.181306838989258
0.5982430453879941	6.794962406158447	7.417372703552246	7.209652900695801	9.615899085998535	7.761528968811035
0.5988286969253295	7.556474208831787	8.123818397521973	7.648728847503662	8.179228782653809	7.85111141204834
0.5994143484626647	7.490633487701416	8.360763549804688	6.668220043182373	10.190740585327148	8.78274917602539
0.6	7.235330581665039	8.675639152526855	7.2938456535339355	8.590167999267578	7.561315059661865
0.6005856515373352	7.529895782470703	7.171070098876953	7.279398441314697	8.362299919128418	7.9081339836120605
0.6011713030746706	7.287585258483887	8.139212608337402	7.473008155822754	8.502806663513184	8.074544906616211
0.6017569546120058	7.297572135925293	8.387528419494629	7.527637958526611	8.935394287109375	7.774518966674805
0.6023426061493411	6.993039131164551	10.04942512512207	7.503912925720215	9.086286544799805	7.790905475616455
0.6029282576866765	7.279980659484863	9.333333969116211	7.0616865158081055	9.825093269348145	7.592352390289307
0.6035139092240117	7.389308452606201	7.5136590003967285	7.109529972076416	8.626060485839844	8.077685356140137
0.604099560761347	7.807221412658691	9.200013160705566	6.913546085357666	7.741042137145996	8.54780387878418
0.6046852122986823	7.048257827758789	7.728540897369385	7.225344181060791	8.644436836242676	7.9951066970825195
0.6052708638360176	7.2002997398376465	8.148690223693848	7.615146160125732	9.756415367126465	8.652462005615234
0.6058565153733528	7.529511451721191	8.180892944335938	7.347689628601074	8.361370086669922	7.583914279937744
0.6064421669106881	7.655379772186279	8.140753746032715	7.3196797370910645	8.864704132080078	7.891706466674805
0.6070278184480234	6.9172868728637695	7.217627048492432	7.4513983726501465	8.122278213500977	8.030972480773926
0.6076134699853587	7.522164821624756	7.3842854499816895	7.749233245849609	8.119525909423828	7.74360990524292
0.608199121522694	7.5672712326049805	8.218910217285156	7.133852958679199	8.55550765991211	7.698490142822266
0.6087847730600293	7.277257919311523	9.142117500305176	7.407029628753662	8.59060001373291	8.105361938476562
0.6093704245973646	7.193973541259766	8.578516006469727	7.23716926574707	8.292686462402344	7.4216837882995605
0.6099560761346998	7.206048011779785	8.531879425048828	7.715542316436768	8.650699615478516	8.130990982055664
0.6105417276720352	7.345407485961914	7.944362163543701	7.72072696685791	9.011589050292969	7.87515926361084
0.6111273792093704	7.071298599243164	9.735649108886719	7.4612932205200195	8.650737762451172	7.882763385772705
0.6117130307467057	7.50069522857666	8.134942054748535	7.632126808166504	9.232934951782227	7.757119655609131
0.6122986822840409	7.518524169921875	8.113423347473145	7.163443088531494	8.003561973571777	7.848691940307617
0.6128843338213763	7.168325901031494	8.108304977416992	7.309101581573486	7.542891502380371	7.900111675262451
0.6134699853587116	7.377291679382324	8.213335037231445	7.1874613761901855	9.743261337280273	8.257481575012207
0.6140556368960468	7.531757831573486	8.439445495605469	7.296455383300781	8.109366416931152	7.516610145568848
0.6146412884333822	7.117580413818359	7.836031913757324	7.40891170501709	8.580674171447754	7.840547561645508
0.6152269399707174	7.302131175994873	8.541668891906738	7.416100978851318	9.098730087280273	8.505389213562012
0.6158125915080527	7.935300827026367	7.628173828125	7.084165573120117	8.440742492675781	8.170762062072754
0.616398243045388	7.319300174713135	8.452303886413574	7.295725345611572	7.67723274230957	7.713013648986816
0.6169838945827233	7.355287075042725	8.184775352478027	7.697412014007568	8.829066276550293	7.996582984924316
0.6175695461200585	7.226150989532471	9.211860656738281	7.456249237060547	8.076455116271973	8.237911224365234
0.6181551976573938	7.259017467498779	8.375287055969238	7.300298690795898	9.350768089294434	7.9632978439331055
0.6187408491947292	7.43584680557251	8.184370994567871	7.06020975112915	8.13733196258545	8.388140678405762
0.6193265007320644	7.498674392700195	8.41014575958252	7.5940093994140625	8.414026260375977	7.509538650512695
0.6199121522693997	7.473847389221191	8.194463729858398	7.5411601066589355	7.810983180999756	8.435742378234863
0.620497803806735	7.484399318695068	7.968379497528076	7.397590160369873	8.150684356689453	7.797769546508789
0.6210834553440703	7.165152549743652	8.300161361694336	7.619865417480469	8.930277824401855	7.724948883056641
0.6216691068814055	7.467564105987549	8.512003898620605	7.313653469085693	7.4478912353515625	7.169888019561768
0.6222547584187409	7.143411159515381	8.207603454589844	7.157892227172852	8.709168434143066	7.693249225616455
0.6228404099560761	6.985578536987305	7.197165012359619	7.315938949584961	9.273444175720215	7.917921543121338
0.6234260614934114	7.469060897827148	8.892072677612305	7.529233455657959	7.86152458190918	7.822536468505859
0.6240117130307467	7.358002662658691	7.7723259925842285	7.721766471862793	7.5312018394470215	8.276250839233398
0.624597364568082	7.237978935241699	9.468854904174805	7.504722595214844	9.393601417541504	8.129525184631348
0.6251830161054173	7.630621910095215	7.344630241394043	7.342301368713379	7.799882411956787	8.538865089416504
0.6257686676427525	7.69746208190918	8.031828880310059	7.604526042938232	8.98524284362793	8.056517601013184
0.6263543191800879	7.614051342010498	8.755956649780273	7.346898078918457	7.041211128234863	8.162545204162598
0.6269399707174231	7.622856140136719	7.832159519195557	7.469930171966553	8.20805549621582	8.375224113464355
0.6275256222547584	7.332507133483887	8.709429740905762	7.319398880004883	9.500295639038086	7.461769104003906
0.6281112737920937	7.309125900268555	7.772799491882324	7.378583908081055	9.244362831115723	7.687178611755371
0.628696925329429	7.43901252746582	9.11556625366211	7.193253040313721	7.449994087219238	7.432547092437744
0.6292825768667643	7.158160209655762	9.545062065124512	7.3753275871276855	8.000338554382324	7.6327691078186035
0.6298682284040995	7.554718971252441	8.418832778930664	7.389601230621338	9.592899322509766	7.044432163238525
0.6304538799414349	7.562986850738525	8.524405479431152	7.466217994689941	7.7223734855651855	8.305740356445312
0.6310395314787701	7.598080635070801	7.8790106773376465	7.575005531311035	9.593926429748535	8.03534984588623
0.6316251830161054	7.4987263679504395	9.204694747924805	7.4012227058410645	7.513095855712891	8.54538631439209
0.6322108345534407	7.12815523147583	7.593122959136963	7.506453990936279	8.632899284362793	8.715354919433594
0.632796486090776	7.207765102386475	7.857623100280762	7.187033176422119	8.827959060668945	8.017547607421875
0.6333821376281112	7.457625865936279	7.15372371673584	7.533345699310303	7.261212348937988	8.187016487121582
0.6339677891654466	7.526630878448486	7.328160285949707	7.653298854827881	8.364553451538086	7.664706230163574
0.6345534407027819	6.957777976989746	8.629219055175781	7.09774923324585	8.2499418258667	7.536981582641602
0.6351390922401171	7.304083824157715	8.680346488952637	7.252857208251953	7.473982810974121	7.469364166259766
0.6357247437774524	7.24575662612915	8.160880088806152	7.587094306945801	7.7656683921813965	7.8555474281311035
0.6363103953147877	7.277521133422852	7.57994270324707	7.077413558959961	8.710430145263672	8.655566215515137
0.636896046852123	7.036186695098877	7.848263263702393	7.0276665687561035	8.89328670501709	7.691995143890381
0.6374816983894582	7.035539150238037	7.560054302215576	7.242064476013184	8.641953468322754	7.577125072479248
0.6380673499267936	7.648187160491943	8.353578567504883	7.5798821449279785	8.075510025024414	7.368041038513184
0.6386530014641288	7.148055076599121	8.050353050231934	7.410747051239014	8.59919261932373	7.8863701820373535
0.6392386530014641	7.430342674255371	7.491607666015625	7.42826509475708	9.165369987487793	7.893514156341553
0.6398243045387995	7.414778232574463	7.871887683868408	7.399658203125	7.284198760986328	7.95056676864624
0.6404099560761347	7.265946388244629	7.399162769317627	7.572238922119141	8.381881713867188	8.057962417602539
0.64099560761347	7.227442264556885	7.84083366394043	7.10953426361084	8.155519485473633	7.5952911376953125
0.6415812591508052	7.496189594268799	7.810110569000244	7.647356986999512	8.604875564575195	7.993337631225586
0.6421669106881406	7.340825080871582	8.226725578308105	7.063607692718506	7.615076541900635	7.667199611663818
0.6427525622254758	6.815287113189697	7.757040977478027	7.0769147872924805	7.2246880531311035	8.002216339111328
0.6433382137628111	6.869070053100586	7.676634788513184	7.2759833335876465	8.013589859008789	7.9814558029174805
0.6439238653001464	6.858222961425781	8.124653816223145	7.503214359283447	7.848873615264893	7.769749641418457
0.6445095168374817	7.555264472961426	8.582722663879395	7.5304412841796875	8.672739028930664	7.645939350128174
0.645095168374817	7.324304103851318	7.84785270690918	7.226059436798096	7.029254913330078	7.666808605194092
0.6456808199121523	7.565695762634277	8.27195930480957	7.422341823577881	8.109539031982422	7.738483428955078
0.6462664714494876	7.48741340637207	8.853042602539062	7.344476222991943	8.91806697845459	7.6182403564453125
0.6468521229868228	7.561223030090332	7.587324619293213	6.952319622039795	7.6327924728393555	7.53000020980835
0.6474377745241581	6.957948684692383	7.401893615722656	7.200911045074463	8.089872360229492	7.555567264556885
0.6480234260614934	7.335590839385986	8.681734085083008	7.21519660949707	8.369872093200684	7.94960880279541
0.6486090775988287	7.482451438903809	8.576741218566895	7.090754508972168	7.015244483947754	7.292385101318359
0.6491947291361639	7.015617370605469	8.090995788574219	7.390475273132324	8.192111015319824	7.911981582641602
0.6497803806734993	7.302257061004639	8.350749969482422	7.164331912994385	7.2341742515563965	7.811036109924316
0.6503660322108346	7.709774017333984	7.52655553817749	7.526805877685547	8.818296432495117	7.87067985534668
0.6509516837481698	7.248412132263184	8.377795219421387	7.0775980949401855	8.468263626098633	8.481866836547852
0.6515373352855052	7.106121063232422	8.582459449768066	7.371465682983398	8.264698028564453	8.027365684509277
0.6521229868228404	7.27031946182251	8.857128143310547	7.225559234619141	9.619979858398438	7.6958088874816895
0.6527086383601757	7.2436442375183105	7.915173053741455	7.231640815734863	8.02472972869873	7.931654453277588
0.6532942898975109	7.342709541320801	8.54008960723877	7.146912574768066	8.257583618164062	8.079913139343262
0.6538799414348463	7.457416534423828	8.286877632141113	7.843909740447998	8.756842613220215	8.228601455688477
0.6544655929721815	7.253692150115967	8.159854888916016	7.013918399810791	7.325745582580566	7.976901054382324
0.6550512445095168	6.887126922607422	8.175046920776367	7.39791202545166	7.382813453674316	7.769059658050537
0.6556368960468522	6.965897083282471	7.710230350494385	7.4048261642456055	7.1964240074157715	8.068227767944336
0.6562225475841874	7.296534061431885	7.425942897796631	6.927820682525635	8.423166275024414	7.508176326751709
0.6568081991215227	7.261600971221924	6.545966625213623	7.32576322555542	8.118515014648438	8.01249885559082
0.657393850658858	6.921712398529053	7.916076183319092	7.547890663146973	7.6842827796936035	8.097414016723633
0.6579795021961933	7.181612968444824	8.558022499084473	7.571753025054932	7.873366832733154	7.8028459548950195
0.6585651537335285	7.340294361114502	6.7375922203063965	7.119565963745117	7.684550762176514	7.946163654327393
0.6591508052708638	6.93487024307251	6.676109313964844	7.25274133682251	7.916767120361328	8.316567420959473
0.6597364568081991	7.319713115692139	8.41867733001709	7.251916408538818	8.39344310760498	7.814289093017578
0.6603221083455344	7.01513147354126	7.857408046722412	6.934537887573242	7.856084823608398	7.758800983428955
0.6609077598828696	7.345649719238281	8.052207946777344	7.0490288734436035	8.155125617980957	7.696239948272705
0.661493411420205	7.313737869262695	7.142561912536621	6.762528419494629	8.351181030273438	7.417326927185059
0.6620790629575403	7.245810508728027	7.973598480224609	7.042857646942139	8.125732421875	8.109397888183594
0.6626647144948755	7.458098888397217	7.488670825958252	7.276612281799316	7.911569118499756	7.784276485443115
0.6632503660322109	7.392057418823242	8.69611930847168	7.02978515625	7.372766971588135	7.845537185668945
0.6638360175695461	7.307819843292236	7.619072437286377	7.225922107696533	7.566174507141113	7.416651725769043
0.6644216691068814	7.7715044021606445	7.317102432250977	7.285355091094971	7.2365193367004395	8.170880317687988
0.6650073206442166	7.2341718673706055	7.268314838409424	7.3151421546936035	8.152044296264648	7.585554122924805
0.665592972181552	7.528196334838867	8.2560396194458	7.48830509185791	8.293742179870605	6.917352199554443
0.6661786237188873	7.429244518280029	9.331905364990234	7.457723140716553	6.724390983581543	7.677907466888428
0.6667642752562225	6.96505069732666	8.131930351257324	7.439074516296387	8.208741188049316	8.109170913696289
0.6673499267935579	7.0480732917785645	7.050388813018799	7.330442428588867	8.683586120605469	7.856500625610352
0.6679355783308931	7.545809745788574	7.556771278381348	6.851590156555176	7.529515743255615	7.691599369049072
0.6685212298682284	7.128150939941406	8.66162395477295	7.552623748779297	7.93789529800415	8.065943717956543
0.6691068814055637	7.347291469573975	7.0226359367370605	7.126911640167236	8.725044250488281	7.522519588470459
0.669692532942899	7.292839527130127	7.48555850982666	7.358199119567871	7.54677152633667	7.990979194641113
0.6702781844802342	7.425786972045898	7.856696128845215	7.154234409332275	7.217895984649658	8.594240188598633
0.6708638360175695	7.318514347076416	6.62155294418335	7.497230052947998	7.539361000061035	7.294452667236328
0.6714494875549049	7.017225742340088	7.489477157592773	7.3680033683776855	7.485055446624756	7.597565650939941
0.6720351390922401	7.3624186515808105	7.256544589996338	7.46095609664917	7.013714790344238	7.499142169952393
0.6726207906295754	6.719480037689209	7.338883399963379	7.717489719390869	7.746654987335205	7.9237518310546875
0.6732064421669107	7.191025733947754	8.21347713470459	7.228311538696289	7.424717903137207	7.7878570556640625
0.673792093704246	6.8172736167907715	8.098298072814941	7.398534297943115	8.430130004882812	7.807223320007324
0.6743777452415812	7.537086486816406	7.724667072296143	7.285731315612793	7.5625739097595215	7.6250433921813965
0.6749633967789166	7.229965686798096	7.77456521987915	7.401947021484375	7.955188274383545	8.006515502929688
0.6755490483162518	6.996472358703613	7.413052558898926	7.252126216888428	7.729747772216797	8.074796676635742
0.6761346998535871	7.3871564865112305	8.44187068939209	7.157700061798096	8.437296867370605	7.739013671875
0.6767203513909223	7.615655899047852	8.332657814025879	7.262806415557861	7.208755970001221	8.03874683380127
0.6773060029282577	7.421706676483154	7.793890953063965	6.905054569244385	6.800832748413086	7.677874565124512
0.677891654465593	7.605981349945068	7.798567771911621	6.893989086151123	7.031350135803223	7.393844127655029
0.6784773060029282	7.19071626663208	8.246789932250977	7.5283613204956055	7.995561122894287	7.3417229652404785
0.6790629575402636	7.319744110107422	7.5082550048828125	7.603446960449219	7.7841572761535645	8.169541358947754
0.6796486090775988	6.797463417053223	7.423102378845215	7.018342018127441	7.008545398712158	7.795806884765625
0.6802342606149341	7.440824508666992	7.914207458496094	7.336389064788818	7.231436252593994	7.641488552093506
0.6808199121522694	7.113420486450195	7.875827312469482	7.360736846923828	7.493985652923584	7.657365322113037
0.6814055636896047	6.967235088348389	7.81979513168335	7.290383815765381	7.727479934692383	7.931982040405273
0.68199121522694	7.40126895904541	7.457010746002197	6.994907379150391	7.615048885345459	7.68203067779541
0.6825768667642752	7.405508041381836	6.450762748718262	7.279836654663086	7.483786106109619	8.083038330078125
0.6831625183016106	7.0895233154296875	8.406722068786621	7.354824542999268	7.795225143432617	7.685000419616699
0.6837481698389458	7.325625419616699	8.045940399169922	7.410121440887451	6.474229335784912	7.337644100189209
0.6843338213762811	7.426075458526611	8.165000915527344	7.3543381690979	7.595012187957764	8.192023277282715
0.6849194729136164	7.403321266174316	8.997827529907227	7.608141899108887	7.542089939117432	7.691080570220947
0.6855051244509517	7.551104545593262	7.802630424499512	7.074045181274414	8.402228355407715	8.046842575073242
0.6860907759882869	6.939741134643555	7.328927040100098	7.070361137390137	7.38731575012207	7.936593532562256
0.6866764275256223	7.512272357940674	7.902258396148682	7.116021156311035	7.478847503662109	7.606259822845459
0.6872620790629576	7.178877830505371	7.359338283538818	7.126361846923828	7.8660759925842285	7.7773966789245605
0.6878477306002928	7.398196220397949	7.436351776123047	7.278086185455322	7.841785430908203	7.9185638427734375
0.6884333821376281	7.319482803344727	6.271858215332031	7.318257808685303	8.581815719604492	7.2118754386901855
0.6890190336749634	7.365018367767334	8.402381896972656	7.265193462371826	8.1884183883667	7.586733818054199
0.6896046852122987	7.213709354400635	7.3649797439575195	7.630903720855713	7.9997406005859375	7.1790924072265625
0.6901903367496339	7.688587188720703	7.641570568084717	7.273764133453369	8.43178939819336	7.807627201080322
0.6907759882869693	6.939539909362793	7.638984203338623	7.649078369140625	6.876485347747803	7.502141952514648
0.6913616398243045	7.329530239105225	8.229949951171875	7.063693523406982	7.505002975463867	7.841203212738037
0.6919472913616398	7.189938068389893	8.423471450805664	7.093193054199219	7.080202102661133	7.469850540161133
0.6925329428989752	6.937771320343018	7.718974590301514	7.360558986663818	7.635351181030273	7.092385768890381
0.6931185944363104	6.959856033325195	7.689193248748779	7.066352844238281	7.637109279632568	7.772913455963135
0.6937042459736457	7.302688121795654	8.693302154541016	7.286590099334717	8.0977201461792	7.68935489654541
0.6942898975109809	6.948639869689941	7.705582141876221	7.344282627105713	7.431912422180176	7.875164985656738
0.6948755490483163	7.298191070556641	8.203813552856445	7.221194267272949	7.296362400054932	7.984525203704834
0.6954612005856515	7.13059139251709	7.231696128845215	7.310418128967285	7.536353588104248	7.660586357116699
0.6960468521229868	6.902060508728027	8.448345184326172	6.8998918533325195	6.794030666351318	7.862934589385986
0.6966325036603221	7.365828990936279	7.532898902893066	6.9603590965271	7.559837341308594	7.737110614776611
0.6972181551976574	7.362529277801514	8.312826156616211	7.005340099334717	8.257526397705078	8.001220703125
0.6978038067349926	7.314105033874512	6.91213846206665	7.106086730957031	7.316707611083984	7.801825523376465
0.698389458272328	7.235733985900879	7.418485641479492	6.850724697113037	7.057423114776611	7.814316749572754
0.6989751098096633	7.2062087059021	7.216736793518066	7.108823299407959	7.875905513763428	7.628116130828857
0.6995607613469985	7.506507873535156	7.526820182800293	7.590003490447998	7.332020282745361	8.139410972595215
0.7001464128843338	7.533910751342773	7.9076619148254395	7.1034088134765625	7.884469509124756	7.626405715942383
0.7007320644216691	7.117244243621826	7.04948091506958	7.33571720123291	8.199363708496094	7.389830589294434
0.7013177159590044	7.291820049285889	8.30376148223877	7.345395088195801	7.149858474731445	7.59849739074707
0.7019033674963396	7.425346851348877	8.022735595703125	7.317784786224365	8.055176734924316	7.606469631195068
0.702489019033675	7.2139177322387695	7.671691417694092	6.978078842163086	7.5249924659729	7.773585796356201
0.7030746705710103	7.089640140533447	7.762760639190674	7.475934982299805	7.390209674835205	7.388619422912598
0.7036603221083455	7.454155921936035	7.398536682128906	7.129537582397461	8.269208908081055	7.165541648864746
0.7042459736456809	7.344605922698975	6.624589920043945	7.349945068359375	7.133215427398682	7.736944675445557
0.7048316251830161	7.180669784545898	7.941069602966309	7.162158966064453	7.146200656890869	7.397353649139404
0.7054172767203514	7.2770161628723145	8.326427459716797	7.464049816131592	7.4321370124816895	7.978316783905029
0.7060029282576866	7.076643466949463	7.7594380378723145	7.185054302215576	7.502708911895752	7.965139865875244
0.706588579795022	7.44699239730835	6.838442802429199	7.106541156768799	8.821442604064941	7.447279453277588
0.7071742313323572	7.003983974456787	7.756835460662842	7.076803207397461	8.416871070861816	8.088937759399414
0.7077598828696925	7.0160040855407715	6.553822040557861	7.298338413238525	7.935229301452637	8.03630542755127
0.7083455344070279	7.123793125152588	7.427356719970703	7.1980881690979	7.049793720245361	7.840144634246826
0.7089311859443631	7.337186336517334	8.1687593460083	7.282952308654785	7.717124938964844	7.411201477050781
0.7095168374816984	7.449799537658691	7.291179180145264	7.319056034088135	7.976616859436035	6.899102210998535
0.7101024890190337	7.387388706207275	7.187826156616211	7.517106533050537	7.999095916748047	7.28896951675415
0.710688140556369	7.045983791351318	7.399845600128174	7.225822925567627	7.624725341796875	7.2831902503967285
0.7112737920937042	7.266061782836914	8.245391845703125	7.600748538970947	7.84513521194458	7.634739398956299
0.7118594436310395	7.2416090965271	7.33177375793457	6.786643981933594	7.619805812835693	7.821081638336182
0.7124450951683748	7.698884010314941	8.04366397857666	7.312985897064209	7.093099117279053	7.790059566497803
0.7130307467057101	7.204473495483398	8.2279691696167	7.149122714996338	7.211279392242432	7.875873565673828
0.7136163982430453	7.22572660446167	6.774991989135742	7.24288272857666	8.497651100158691	7.2799601554870605
0.7142020497803807	7.316439151763916	7.755802154541016	7.053792953491211	7.035696983337402	7.181823253631592
0.714787701317716	7.141488075256348	7.77756929397583	7.264285087585449	7.482044219970703	7.743729114532471
0.7153733528550512	7.328985691070557	7.68599796295166	7.267784118652344	7.154740810394287	8.072042465209961
0.7159590043923866	7.180926322937012	7.052365779876709	7.449761867523193	8.605399131774902	7.5751261711120605
0.7165446559297218	7.318886756896973	7.631495475769043	7.2948198318481445	7.389780521392822	7.708315849304199
0.7171303074670571	7.039422512054443	8.094380378723145	6.610530853271484	7.718066692352295	7.616939544677734
0.7177159590043923	7.1956868171691895	7.481873989105225	7.172865867614746	7.854803085327148	7.2953267097473145
0.7183016105417277	7.3613505363464355	8.185335159301758	7.18075704574585	7.142338275909424	7.432839393615723
0.718887262079063	7.58962345123291	7.415282726287842	7.6270527839660645	8.10448932647705	7.685105800628662
0.7194729136163982	7.068266868591309	7.081353187561035	7.115334510803223	7.658558368682861	7.604161262512207
0.7200585651537336	7.125255107879639	7.591121196746826	6.9561262130737305	8.266800880432129	7.481518268585205
0.7206442166910688	7.5303826332092285	7.6562323570251465	6.971680641174316	8.090641975402832	7.007694721221924
0.7212298682284041	7.324853420257568	6.881659507751465	7.484121799468994	8.314505577087402	7.16151237487793
0.7218155197657394	7.493634223937988	8.10373306274414	7.359869956970215	7.689243316650391	7.479317665100098
0.7224011713030747	7.397004127502441	8.450151443481445	7.438575744628906	7.483336925506592	7.84902286529541
0.7229868228404099	7.159592628479004	7.466586589813232	7.325848579406738	7.402984142303467	7.843923091888428
0.7235724743777452	7.515623569488525	7.9610209465026855	7.18117618560791	7.232822895050049	7.503845691680908
0.7241581259150806	7.222705841064453	7.5780487060546875	7.417072772979736	7.875087738037109	7.807858943939209
0.7247437774524158	7.299792289733887	6.676357746124268	7.079249858856201	7.572452545166016	7.733752250671387
0.7253294289897511	6.981405735015869	7.125426769256592	7.422634601593018	8.697287559509277	7.846654415130615
0.7259150805270864	7.492527484893799	7.701892375946045	7.690944671630859	7.319922924041748	7.60601282119751
0.7265007320644217	7.12576150894165	6.65708589553833	7.157047271728516	8.198922157287598	7.5345258712768555
0.7270863836017569	7.252960205078125	7.786015033721924	6.988187789916992	6.598051071166992	7.790720462799072
0.7276720351390923	7.248279571533203	8.268091201782227	7.146214962005615	8.081232070922852	7.994624614715576
0.7282576866764275	7.42594051361084	7.298326015472412	7.110091209411621	8.071943283081055	7.537664890289307
0.7288433382137628	7.149593830108643	7.6790385246276855	7.478085041046143	8.242081642150879	7.661183834075928
0.729428989751098	7.171575546264648	7.700834274291992	7.2621331214904785	7.732155799865723	7.991312026977539
0.7300146412884334	7.041881561279297	7.218113899230957	7.620767593383789	7.83201789855957	7.52212381362915
0.7306002928257687	7.349207401275635	7.141247272491455	7.256546974182129	6.552745342254639	7.761722564697266
0.7311859443631039	7.4851555824279785	6.64030647277832	7.298465728759766	8.37842082977295	7.675040245056152
0.7317715959004393	6.925045967102051	7.3304338455200195	7.730282783508301	7.374973773956299	7.6429948806762695
0.7323572474377745	7.123385429382324	7.063116550445557	6.931180477142334	8.116744995117188	7.810880184173584
0.7329428989751098	7.203114986419678	7.6463823318481445	6.982128143310547	7.729340553283691	7.467919826507568
0.7335285505124451	7.405516147613525	7.159921169281006	7.447296142578125	7.307078838348389	7.559342384338379
0.7341142020497804	7.118256092071533	7.534556865692139	7.612974643707275	8.381880760192871	7.4173760414123535
0.7346998535871156	6.830817699432373	7.172799587249756	7.3579936027526855	7.986908912658691	7.738030433654785
0.7352855051244509	7.010727405548096	6.833029270172119	7.387082576751709	6.871534824371338	7.296426773071289
0.7358711566617863	7.369370460510254	6.87725305557251	7.295017719268799	9.028608322143555	7.48046875
0.7364568081991215	7.384057521820068	7.041313171386719	7.268030643463135	8.598612785339355	7.650301456451416
0.7370424597364568	7.456118583679199	6.996952056884766	7.5234761238098145	7.074449062347412	7.508016586303711
0.7376281112737921	7.209314346313477	6.952742099761963	7.315789699554443	6.529209613800049	7.6437883377075195
0.7382137628111274	7.594736099243164	7.094151496887207	7.253017425537109	7.894620895385742	7.757372856140137
0.7387994143484626	7.187835216522217	8.063892364501953	7.090682029724121	7.6830058097839355	7.248454570770264
0.739385065885798	7.395734786987305	8.686840057373047	7.084993839263916	7.385147571563721	7.683979034423828
0.7399707174231333	7.453868865966797	7.452696800231934	7.4011406898498535	7.123924732208252	7.497182846069336
0.7405563689604685	7.095306873321533	8.043394088745117	7.1342058181762695	7.484786510467529	7.260128498077393
0.7411420204978038	7.124805927276611	7.953231334686279	7.535459041595459	7.653983116149902	7.346635818481445
0.7417276720351391	7.462960720062256	8.530402183532715	7.389229774475098	7.858284950256348	7.1692891120910645
0.7423133235724744	7.49017333984375	6.5897746086120605	7.320982456207275	7.912440299987793	7.39818811416626
0.7428989751098096	7.156686305999756	6.600742816925049	7.252157688140869	7.726814270019531	7.4567365646362305
0.743484626647145	7.035399913787842	7.982443332672119	7.096620559692383	7.519320964813232	7.522040843963623
0.7440702781844802	7.122262001037598	6.4041666984558105	7.355847358703613	7.95334529876709	7.769991874694824
0.7446559297218155	7.278878211975098	7.3690266609191895	7.2647833824157715	7.482826232910156	7.386660099029541
0.7452415812591509	7.071336269378662	7.18686056137085	7.110545635223389	7.283909797668457	7.864354610443115
0.7458272327964861	7.079129219055176	7.988214015960693	7.361037731170654	7.358561992645264	7.025749683380127
0.7464128843338214	7.078006744384766	7.55890417098999	7.423150062561035	8.112275123596191	7.482985496520996
0.7469985358711566	7.166467189788818	8.040660858154297	7.516658782958984	7.781867504119873	7.330157279968262
0.747584187408492	7.556443214416504	7.880608081817627	7.154033660888672	7.686705589294434	7.3846049308776855
0.7481698389458272	7.0392584800720215	7.491297721862793	8.03896427154541	7.38882303237915	7.4351887702941895
0.7487554904831625	7.1842732429504395	7.921822547912598	7.313161373138428	8.37399959564209	6.922393798828125
0.7493411420204978	7.668945789337158	5.909373760223389	7.410940647125244	7.014603614807129	7.249607563018799
0.7499267935578331	7.27296781539917	6.80141019821167	7.363918304443359	6.822500228881836	7.584873199462891
0.7505124450951683	7.275343894958496	8.623645782470703	7.206550121307373	6.964765548706055	7.599669456481934
0.7510980966325037	7.308019161224365	7.410309314727783	7.438426494598389	7.927464962005615	7.132471084594727
0.751683748169839	7.338875770568848	7.266264915466309	7.416374206542969	8.094477653503418	7.740573406219482
0.7522693997071742	7.295652866363525	7.192451477050781	7.114328384399414	6.921553611755371	7.119761943817139
0.7528550512445095	7.582590579986572	7.358663558959961	7.399306297302246	6.661928653717041	7.499730110168457
0.7534407027818448	7.222936630249023	7.016427516937256	7.3289642333984375	7.260313034057617	7.510995388031006
0.7540263543191801	7.406224727630615	7.82757043838501	7.330351829528809	7.859013557434082	7.303874492645264
0.7546120058565153	7.151320934295654	7.694687843322754	7.020779132843018	7.674843788146973	7.888741970062256
0.7551976573938507	7.370184421539307	6.8076934814453125	7.276494979858398	6.896537780761719	7.6397385597229
0.755783308931186	7.3763108253479	6.548908233642578	7.118953704833984	7.530126094818115	7.120323657989502
0.7563689604685212	7.630845069885254	7.164480209350586	6.964086055755615	7.550746440887451	7.684983730316162
0.7569546120058566	7.307925224304199	6.843600273132324	7.572687149047852	8.354024887084961	7.382872104644775
0.7575402635431918	6.939210414886475	7.286144733428955	7.360656261444092	7.561726093292236	7.334546089172363
0.7581259150805271	7.087940692901611	7.603078842163086	7.321478843688965	7.377227783203125	7.396921157836914
0.7587115666178623	7.32068395614624	6.9054107666015625	7.356389045715332	7.261502742767334	7.428946018218994
0.7592972181551977	7.447079658508301	7.81039571762085	7.488357067108154	7.059468746185303	7.583065032958984
0.7598828696925329	7.035360813140869	7.442190170288086	7.400456428527832	8.292799949645996	7.195351600646973
0.7604685212298682	7.399303913116455	7.67898416519165	7.432281970977783	7.441086769104004	7.817337512969971
0.7610541727672036	7.41997766494751	6.0424017906188965	7.244998931884766	7.9362101554870605	7.704686641693115
0.7616398243045388	7.219478130340576	6.770625114440918	7.309176445007324	6.913808345794678	7.773472785949707
0.7622254758418741	7.26654577255249	7.330594062805176	7.383858680725098	7.687187671661377	7.587923526763916
0.7628111273792094	7.092061996459961	7.366367340087891	7.174546241760254	7.961043357849121	7.222355365753174
0.7633967789165447	7.012951850891113	7.774252414703369	7.21220588684082	6.94482421875	7.321005344390869
0.7639824304538799	7.59198522567749	6.544183254241943	7.2752366065979	7.631951808929443	7.421337604522705
0.7645680819912152	7.082688808441162	7.191959381103516	7.478013038635254	6.759474754333496	7.641625881195068
0.7651537335285505	6.912216663360596	7.247045993804932	7.323577404022217	7.809272289276123	7.706207275390625
0.7657393850658858	7.362695217132568	7.350726127624512	7.229241847991943	8.003512382507324	7.5285749435424805
0.766325036603221	7.187377452850342	6.860284328460693	7.361169338226318	7.0937886238098145	7.677586555480957
0.7669106881405564	7.07597017288208	7.061557292938232	7.4143218994140625	6.772542953491211	6.985709190368652
0.7674963396778917	7.017881870269775	8.24434757232666	7.230129718780518	8.087624549865723	7.188632965087891
0.7680819912152269	7.032334327697754	7.500925540924072	7.6555399894714355	8.047929763793945	7.119946479797363
0.7686676427525623	7.2137017250061035	7.523226737976074	7.54647159576416	7.412054061889648	8.050902366638184
0.7692532942898975	7.139822959899902	7.1256842613220215	7.440694332122803	7.702592372894287	7.751167297363281
0.7698389458272328	7.436324119567871	7.082566738128662	7.683821678161621	8.244516372680664	7.830996513366699
0.770424597364568	7.6911773681640625	7.986686706542969	6.874706268310547	7.024295806884766	7.355607509613037
0.7710102489019034	7.332462787628174	8.490168571472168	7.123796463012695	8.026397705078125	7.828057289123535
0.7715959004392386	7.336727619171143	7.8124189376831055	7.28151273727417	7.468813419342041	7.203399181365967
0.7721815519765739	7.13833475112915	7.29919958114624	7.298823833465576	6.997821807861328	7.580790996551514
0.7727672035139093	7.337709426879883	7.1186041831970215	7.419679164886475	8.36937427520752	7.739504337310791
0.7733528550512445	7.037413120269775	7.670013904571533	7.285678863525391	8.161184310913086	7.548975944519043
0.7739385065885798	7.382301330566406	7.495433330535889	7.231971740722656	7.5772247314453125	7.204839706420898
0.7745241581259151	7.122273921966553	9.133533477783203	7.421152591705322	6.858471870422363	7.206582069396973
0.7751098096632504	6.794665336608887	7.878386974334717	6.997636795043945	7.389245510101318	7.6715087890625
0.7756954612005856	6.818139553070068	7.852387428283691	7.292052268981934	7.520401477813721	7.12847375869751
0.7762811127379209	7.152944564819336	7.201147556304932	6.9298529624938965	8.491482734680176	7.010932445526123
0.7768667642752562	7.007636547088623	8.50779914855957	7.086923599243164	8.441649436950684	7.842386245727539
0.7774524158125915	6.9855427742004395	6.500307083129883	7.3842010498046875	6.406974792480469	7.462485313415527
0.7780380673499268	6.786747455596924	7.461424827575684	6.9527268409729	7.559725761413574	7.5514068603515625
0.7786237188872621	7.720402240753174	7.406282424926758	7.275378227233887	8.586503982543945	7.476019382476807
0.7792093704245974	7.195337295532227	7.854824542999268	7.350351810455322	7.502453327178955	7.227032661437988
0.7797950219619326	7.36055326461792	7.536797046661377	7.638737678527832	7.533710956573486	7.7922186851501465
0.780380673499268	7.040863037109375	7.772077560424805	6.902270793914795	7.901191234588623	7.5580010414123535
0.7809663250366032	7.360579013824463	7.59756326675415	7.7767863273620605	7.109385967254639	7.973734378814697
0.7815519765739385	7.1754279136657715	7.057994842529297	6.996420860290527	6.979264736175537	7.223134994506836
0.7821376281112737	7.225486755371094	8.151010513305664	6.902298927307129	7.892685890197754	7.714275360107422
0.7827232796486091	7.02940034866333	6.950429439544678	7.837118625640869	7.914979457855225	7.893346309661865
0.7833089311859444	7.25131368637085	6.421930313110352	7.148995876312256	7.970369815826416	7.412059307098389
0.7838945827232796	7.258787155151367	7.920907020568848	6.798250675201416	6.5814995765686035	8.144854545593262
0.784480234260615	7.51946496963501	7.044454574584961	7.124361991882324	7.214616298675537	7.140313625335693
0.7850658857979502	7.306666374206543	7.581104755401611	6.628539562225342	7.018671989440918	7.286985874176025
0.7856515373352855	7.317920684814453	6.03010368347168	7.082299709320068	7.037959098815918	7.086431503295898
0.7862371888726208	7.240218162536621	7.984277248382568	7.4813055992126465	6.81873083114624	7.651508331298828
0.7868228404099561	6.96876859664917	8.196728706359863	7.374721050262451	8.3934965133667	7.735558986663818
0.7874084919472913	7.232558727264404	7.599042892456055	7.419021129608154	8.665948867797852	7.761971473693848
0.7879941434846266	6.592679023742676	7.39705753326416	6.976113319396973	8.09142780303955	7.381113052368164
0.788579795021962	6.9783453941345215	7.823729515075684	7.1848297119140625	6.366343021392822	7.403531074523926
0.7891654465592972	7.313064098358154	6.589044570922852	7.144204616546631	8.202878952026367	7.546267509460449
0.7897510980966325	7.248157978057861	7.200037479400635	7.220641136169434	7.52409553527832	7.883747577667236
0.7903367496339678	7.709610462188721	8.761991500854492	7.334421157836914	7.2015380859375	7.416377067565918
0.7909224011713031	7.008163928985596	7.488585948944092	6.980749130249023	7.282094478607178	7.809938907623291
0.7915080527086383	7.409524440765381	8.585980415344238	7.395427227020264	7.466404914855957	6.654290676116943
0.7920937042459737	7.519873142242432	7.013988494873047	7.249475002288818	6.999507904052734	7.280780792236328
0.792679355783309	6.808460712432861	7.1200127601623535	7.800255298614502	7.921159267425537	7.194241523742676
0.7932650073206442	7.359405517578125	8.060993194580078	7.020364284515381	8.135108947753906	7.513679504394531
0.7938506588579795	7.119702339172363	7.196972370147705	7.093989849090576	8.404701232910156	7.829294681549072
0.7944363103953148	7.484084606170654	7.3244309425354	7.004147052764893	7.449641704559326	7.181026935577393
0.7950219619326501	7.323843002319336	7.320551872253418	7.141025543212891	7.983161926269531	7.6682448387146
0.7956076134699853	7.543528079986572	6.773115158081055	7.255087375640869	6.551612377166748	7.177940845489502
0.7961932650073207	6.89931058883667	6.923188209533691	7.048490047454834	7.8820953369140625	7.873187065124512
0.7967789165446559	7.173335552215576	7.600822925567627	6.767998695373535	7.696218013763428	7.735615253448486
0.7973645680819912	7.112131595611572	7.49018669128418	7.1628546714782715	7.201946258544922	7.431756496429443
0.7979502196193266	7.394629955291748	7.156459331512451	6.967335224151611	7.336313724517822	7.181041240692139
0.7985358711566618	7.238558292388916	7.356231212615967	7.338345527648926	8.158490180969238	7.09221076965332
0.799121522693997	7.632550239562988	7.234169960021973	7.312279224395752	7.537925720214844	7.978752136230469
0.7997071742313323	7.5868377685546875	7.842894554138184	7.079972743988037	7.304936408996582	7.826619625091553
0.8002928257686677	7.106231689453125	7.784189224243164	7.319994926452637	7.501854419708252	7.886188983917236
0.8008784773060029	7.4865336418151855	7.081940174102783	7.040693759918213	7.713184833526611	7.568785190582275
0.8014641288433382	6.907180309295654	8.234134674072266	7.139763355255127	7.429253101348877	7.345438480377197
0.8020497803806735	7.257532119750977	7.213016510009766	6.902688026428223	8.276312828063965	7.280638217926025
0.8026354319180088	7.152183532714844	7.3306474685668945	7.207602024078369	7.483876705169678	7.319598197937012
0.803221083455344	7.340229511260986	7.568708896636963	6.985601902008057	7.993222713470459	6.9308390617370605
0.8038067349926794	7.246260643005371	7.151310920715332	7.306680202484131	6.985298156738281	6.9644389152526855
0.8043923865300147	6.824359893798828	7.035100936889648	7.641687870025635	6.564213275909424	7.614512920379639
0.8049780380673499	6.829572677612305	7.7717413902282715	7.273926734924316	8.199119567871094	7.92648983001709
0.8055636896046852	6.957249641418457	7.502560615539551	7.52891206741333	7.8221282958984375	7.384749889373779
0.8061493411420205	7.263238906860352	6.205326557159424	6.700685024261475	8.667269706726074	7.537866115570068
0.8067349926793558	7.310035705566406	6.421072483062744	7.2143874168396	7.101544380187988	6.7956318855285645
0.807320644216691	7.349320411682129	6.905822277069092	7.3967156410217285	7.190191268920898	7.203960418701172
0.8079062957540264	7.06221866607666	7.297823429107666	7.405742645263672	7.192513465881348	7.1597466468811035
0.8084919472913616	7.192044258117676	7.311943054199219	7.149646759033203	7.496866226196289	7.480496406555176
0.8090775988286969	7.213006496429443	7.132906913757324	7.20238733291626	6.601480960845947	7.497505187988281
0.8096632503660323	7.231541156768799	7.754995346069336	7.280093193054199	7.463786602020264	7.9941887855529785
0.8102489019033675	7.24114465713501	7.530786991119385	7.160701751708984	7.932981491088867	7.516726970672607
0.8108345534407028	7.309515953063965	7.520327091217041	7.584414005279541	7.451230525970459	7.209083080291748
0.811420204978038	7.15760612487793	7.053313255310059	7.156284332275391	7.3394975662231445	8.252882957458496
0.8120058565153734	7.580732345581055	7.5102009773254395	7.1898980140686035	6.768694877624512	7.492171764373779
0.8125915080527086	7.240893363952637	6.891615390777588	7.064065456390381	7.005049705505371	7.804860591888428
0.8131771595900439	7.334728717803955	7.398460388183594	7.362677574157715	6.675457000732422	7.584710597991943
0.8137628111273792	7.223402500152588	7.051411151885986	7.401589870452881	7.498603343963623	7.043140411376953
0.8143484626647145	7.699427604675293	6.8117756843566895	7.4770708084106445	7.375426292419434	7.506512641906738
0.8149341142020498	6.953345775604248	6.916621208190918	7.098660469055176	7.501811981201172	7.441042423248291
0.8155197657393851	7.428256034851074	7.829804420471191	7.505366802215576	7.3806538581848145	7.60313606262207
0.8161054172767204	7.013932704925537	7.897388458251953	7.081306457519531	7.083365440368652	7.486586570739746
0.8166910688140556	7.3004679679870605	7.1422600746154785	7.019556522369385	7.540158271789551	7.517882347106934
0.8172767203513909	7.3094377517700195	6.759950637817383	7.066410541534424	7.925996780395508	7.124748706817627
0.8178623718887262	7.372986793518066	7.5219502449035645	7.493000507354736	7.159770965576172	7.941201210021973
0.8184480234260615	7.162954330444336	7.492947578430176	7.023179531097412	7.007894992828369	7.427001953125
0.8190336749633967	7.483930587768555	7.230526447296143	7.181003570556641	8.078930854797363	7.342617511749268
0.8196193265007321	7.314843654632568	8.00865650177002	7.1703877449035645	8.080169677734375	7.899325847625732
0.8202049780380674	6.716610908508301	7.175337314605713	7.157639026641846	7.717296123504639	7.209664821624756
0.8207906295754026	7.164132118225098	6.710254192352295	7.313605785369873	7.253155708312988	7.656816005706787
0.821376281112738	7.089000225067139	7.3753156661987305	6.855324745178223	7.944763660430908	7.174623012542725
0.8219619326500732	7.1165313720703125	7.613346099853516	6.986276626586914	7.182089805603027	6.836197853088379
0.8225475841874085	6.929619312286377	7.97125768661499	7.591250896453857	8.32805061340332	7.955616474151611
0.8231332357247437	7.589712619781494	6.864459991455078	7.009701728820801	7.770394325256348	7.430410861968994
0.8237188872620791	7.282113552093506	6.8195061683654785	7.209350109100342	7.3741135597229	7.5569868087768555
0.8243045387994143	7.608432292938232	7.226783275604248	7.018409252166748	6.5705060958862305	7.279980659484863
0.8248901903367496	7.467808246612549	7.609475135803223	7.18440055847168	6.992732524871826	7.771656036376953
0.825475841874085	7.2837042808532715	7.7072553634643555	7.744706630706787	6.84395170211792	7.185622215270996
0.8260614934114202	7.620539665222168	6.84290075302124	7.394322872161865	7.189183712005615	7.956108570098877
0.8266471449487555	7.163517951965332	8.115592002868652	7.141125679016113	8.13459587097168	7.752552509307861
0.8272327964860908	7.2762451171875	7.624123573303223	7.09585428237915	7.068464756011963	7.3748979568481445
0.8278184480234261	7.251675128936768	6.009687423706055	7.120438575744629	7.5035624504089355	7.520035266876221
0.8284040995607613	7.176455020904541	7.170179843902588	7.047447204589844	7.1245951652526855	7.861392021179199
0.8289897510980966	7.0877251625061035	6.6700358390808105	7.143981456756592	7.348704814910889	7.357174396514893
0.829575402635432	7.058067798614502	8.273180961608887	7.435020923614502	7.721074104309082	7.861574649810791
0.8301610541727672	7.581242084503174	6.657603740692139	7.187713623046875	7.556677341461182	7.1760406494140625
0.8307467057101025	7.172787666320801	7.532735347747803	7.204615116119385	8.251028060913086	7.67725944519043
0.8313323572474378	7.07054328918457	6.986052989959717	6.7553300857543945	7.148126602172852	7.64693546295166
0.8319180087847731	7.119745254516602	7.450881004333496	7.317883014678955	7.8225178718566895	7.663991928100586
0.8325036603221083	6.9785895347595215	6.79807710647583	7.367382049560547	7.443045139312744	7.468986988067627
0.8330893118594437	7.168356895446777	6.459765911102295	7.132575988769531	8.136876106262207	7.072885513305664
0.8336749633967789	7.292067050933838	7.4237260818481445	7.410889625549316	8.885271072387695	7.495328426361084
0.8342606149341142	7.50906229019165	6.953044414520264	7.558806896209717	7.810654640197754	7.516544342041016
0.8348462664714494	7.096134185791016	6.095474720001221	7.166597843170166	7.150972843170166	7.099069595336914
0.8354319180087848	7.201187610626221	6.7789411544799805	7.560362815856934	7.95622444152832	7.654470920562744
0.83601756954612	7.765317916870117	7.813180923461914	6.917491436004639	8.063885688781738	7.233490943908691
0.8366032210834553	7.216228485107422	7.610995292663574	6.920310020446777	7.433314323425293	7.408844947814941
0.8371888726207907	7.461723804473877	7.8194966316223145	7.520527362823486	7.481984615325928	7.482152462005615
0.8377745241581259	7.105663299560547	8.198590278625488	7.390112400054932	8.012606620788574	7.84321403503418
0.8383601756954612	6.852904319763184	7.4012227058410645	7.768548011779785	7.251570224761963	7.9700822830200195
0.8389458272327965	7.222264289855957	6.900521278381348	6.867644309997559	7.37116813659668	7.298853874206543
0.8395314787701318	7.296128273010254	7.438673973083496	7.337011814117432	6.992264270782471	7.517244338989258
0.840117130307467	7.475728511810303	7.993512153625488	7.346658229827881	7.989779472351074	7.2389373779296875
0.8407027818448023	7.274352550506592	7.222598552703857	6.915169715881348	6.068837642669678	7.553222179412842
0.8412884333821377	7.467674732208252	7.85837459564209	6.985524654388428	7.719663619995117	8.226999282836914
0.8418740849194729	7.104240894317627	6.439036846160889	7.1667160987854	7.954176425933838	8.067668914794922
0.8424597364568082	7.313182353973389	6.6678290367126465	7.2517805099487305	7.0273637771606445	7.629551410675049
0.8430453879941435	7.017066478729248	8.396147727966309	7.489072322845459	6.575937271118164	7.007352828979492
0.8436310395314788	7.0446343421936035	7.476124286651611	7.237706661224365	7.0979719161987305	7.466347694396973
0.844216691068814	6.989696025848389	6.941298007965088	7.0571513175964355	8.013522148132324	7.33815860748291
0.8448023426061494	7.206742286682129	7.295812129974365	7.0742716789245605	7.452720642089844	7.750857830047607
0.8453879941434846	6.892833709716797	6.788738250732422	6.992361068725586	7.071784019470215	7.216423988342285
0.8459736456808199	6.727823257446289	7.444023132324219	6.967729091644287	5.987477779388428	7.538959503173828
0.8465592972181551	7.190831184387207	8.180023193359375	6.849057197570801	7.404121398925781	7.064638137817383
0.8471449487554905	6.9427008628845215	8.260141372680664	7.2344160079956055	6.959986209869385	7.7684197425842285
0.8477306002928258	7.173898696899414	6.866831302642822	7.1722187995910645	7.43065881729126	7.054168224334717
0.848316251830161	6.874305725097656	6.8929314613342285	7.330378532409668	7.510830402374268	7.839885234832764
0.8489019033674964	7.262142181396484	6.8225908279418945	7.215087413787842	6.553563594818115	7.216034889221191
0.8494875549048316	6.981753349304199	6.57677698135376	6.8889899253845215	6.864884376525879	7.387688636779785
0.8500732064421669	7.183018207550049	8.147860527038574	7.280878067016602	8.095641136169434	6.856383800506592
0.8506588579795022	7.0064802169799805	6.9505205154418945	7.227358818054199	7.683856964111328	7.612301349639893
0.8512445095168375	7.356880187988281	7.535552024841309	7.318814277648926	6.6239728927612305	7.875333786010742
0.8518301610541728	7.147441387176514	6.886852741241455	7.071058750152588	6.767107009887695	7.643050193786621
0.852415812591508	7.169437885284424	7.365011692047119	6.881167411804199	7.615730285644531	7.322995662689209
0.8530014641288434	7.531157970428467	7.647294521331787	7.530210971832275	7.106200695037842	7.424715518951416
0.8535871156661786	7.452200412750244	7.614285945892334	7.377764701843262	7.653072357177734	7.147281646728516
0.8541727672035139	7.036079406738281	7.958230495452881	7.337695121765137	6.70823860168457	6.6346940994262695
0.8547584187408492	6.947445869445801	6.526601314544678	7.106961250305176	8.400395393371582	7.335421562194824
0.8553440702781845	7.046531677246094	7.294958114624023	6.924330711364746	7.884788990020752	7.527475833892822
0.8559297218155197	7.465028285980225	6.635118007659912	7.412495136260986	8.437888145446777	7.630777835845947
0.8565153733528551	6.943014621734619	6.940760612487793	7.029738903045654	7.655266761779785	7.451873779296875
0.8571010248901904	7.571362495422363	8.096338272094727	7.21914529800415	7.6910576820373535	6.945695400238037
0.8576866764275256	7.61430025100708	7.057997226715088	7.087981700897217	8.983588218688965	7.863633155822754
0.8582723279648609	7.366689205169678	7.3651885986328125	7.278367042541504	7.290624141693115	7.4557318687438965
0.8588579795021962	6.956691265106201	6.574409008026123	6.621983528137207	7.985228061676025	7.574125289916992
0.8594436310395315	6.986550807952881	7.491767883300781	7.222471237182617	7.7364091873168945	7.162853717803955
0.8600292825768667	7.306995868682861	6.757165908813477	7.348860740661621	8.092301368713379	7.352645397186279
0.8606149341142021	7.2440290451049805	7.028010845184326	7.45605993270874	7.500685691833496	7.338276386260986
0.8612005856515373	6.960932731628418	6.822772026062012	7.128953456878662	6.422425270080566	7.432668685913086
0.8617862371888726	6.826607704162598	6.838043212890625	7.614369869232178	7.252983093261719	7.6476664543151855
0.862371888726208	7.033478736877441	7.040839672088623	7.133635520935059	6.71498441696167	7.465296268463135
0.8629575402635432	7.248251914978027	6.9933857917785645	7.2324748039245605	7.417844295501709	7.28690767288208
0.8635431918008785	7.1938910484313965	6.488784313201904	7.113240718841553	7.703727722167969	7.686452388763428
0.8641288433382137	7.350851058959961	6.872272491455078	6.993276596069336	7.273190498352051	7.587172031402588
0.8647144948755491	7.238261699676514	6.89335823059082	6.783473014831543	7.901029586791992	7.26845121383667
0.8653001464128843	7.244012832641602	6.448800563812256	7.265568733215332	7.209733486175537	7.524781227111816
0.8658857979502196	7.1072096824646	7.449887752532959	7.16787052154541	6.445594787597656	7.844407558441162
0.866471449487555	7.159651279449463	6.503629207611084	7.480380058288574	7.27550745010376	7.107019901275635
0.8670571010248902	6.777557373046875	6.531561374664307	7.376570701599121	6.698474407196045	7.595469951629639
0.8676427525622254	7.138705253601074	6.7863969802856445	6.799000263214111	7.197066307067871	7.255887985229492
0.8682284040995608	7.967255115509033	6.991463661193848	7.1081013679504395	7.143161773681641	7.763339996337891
0.8688140556368961	7.137541770935059	6.627077102661133	7.317022800445557	6.811750888824463	7.547057628631592
0.8693997071742313	7.276768207550049	6.655060291290283	7.196108818054199	7.630188465118408	7.225179195404053
0.8699853587115666	7.0508928298950195	7.6135029792785645	6.972065448760986	6.760684967041016	7.112575054168701
0.8705710102489019	7.076862812042236	7.381929874420166	7.173873424530029	6.526451110839844	7.303226470947266
0.8711566617862372	7.012759685516357	7.165813446044922	7.365728378295898	7.210735321044922	7.917853832244873
0.8717423133235724	7.169652938842773	7.3055877685546875	7.464251518249512	7.931628227233887	7.186861038208008
0.8723279648609078	7.173363208770752	6.767524719238281	7.045129776000977	8.05917739868164	7.808656692504883
0.872913616398243	7.378631591796875	7.07215690612793	7.091434955596924	7.876384735107422	7.693476676940918
0.8734992679355783	6.926505088806152	7.558984279632568	7.346954345703125	7.439042091369629	7.333771705627441
0.8740849194729137	7.343626976013184	6.119165897369385	7.204986572265625	6.899992942810059	7.552602767944336
0.8746705710102489	7.181253910064697	7.856201171875	6.99643611907959	6.996181011199951	7.73367166519165
0.8752562225475842	7.043821811676025	7.89421272277832	7.1314473152160645	5.879774570465088	7.276012897491455
0.8758418740849194	7.012578010559082	7.25476598739624	6.695312976837158	7.7306718826293945	7.100440502166748
0.8764275256222548	7.191310405731201	7.443799018859863	6.913066387176514	7.117566108703613	7.679029941558838
0.87701317715959	7.140503883361816	7.1068525314331055	6.922901630401611	6.417053699493408	7.160171031951904
0.8775988286969253	7.5291008949279785	7.58710241317749	7.541324615478516	7.660035610198975	7.327677249908447
0.8781844802342607	7.28065824508667	7.166258335113525	6.9900312423706055	7.264143466949463	7.611492156982422
0.8787701317715959	7.1262593269348145	7.186121940612793	7.194925785064697	7.287703990936279	7.541354656219482
0.8793557833089312	6.8243231773376465	6.962597846984863	7.4382548332214355	6.843794345855713	8.024678230285645
0.8799414348462665	7.436093330383301	7.771273612976074	7.032573699951172	7.659637928009033	7.595394134521484
0.8805270863836018	7.397690773010254	7.681625843048096	7.153653144836426	7.135720729827881	7.774494171142578
0.881112737920937	7.256290435791016	7.854918479919434	7.091466903686523	6.532329082489014	7.603846073150635
0.8816983894582723	6.790454864501953	7.207099914550781	7.505863666534424	7.000738620758057	7.342532634735107
0.8822840409956076	7.4435577392578125	7.026394367218018	7.053084373474121	7.656342506408691	7.25736665725708
0.8828696925329429	7.03753137588501	7.203152179718018	6.757620334625244	8.483599662780762	7.753225326538086
0.8834553440702781	6.99350643157959	7.05470085144043	6.9726643562316895	8.169450759887695	7.74754524230957
0.8840409956076135	7.134960174560547	7.084333896636963	6.9299211502075195	6.9807353019714355	7.162404537200928
0.8846266471449488	7.290417194366455	7.422314167022705	7.095870018005371	7.280109405517578	7.7649712562561035
0.885212298682284	7.224123477935791	6.849089622497559	7.003337383270264	7.398575305938721	7.563418865203857
0.8857979502196194	7.411695957183838	8.257960319519043	7.45419454574585	6.934825420379639	7.186435222625732
0.8863836017569546	6.96419095993042	7.55607795715332	7.1081929206848145	7.508799076080322	7.215883731842041
0.8869692532942899	7.40372371673584	7.795670032501221	6.776522159576416	8.552305221557617	7.7243971824646
0.8875549048316251	7.041424751281738	7.908882141113281	7.365015983581543	7.662765979766846	7.6293864250183105
0.8881405563689605	7.011646270751953	6.896926403045654	7.016231060028076	6.97555685043335	7.732741832733154
0.8887262079062958	7.331697463989258	7.2581634521484375	7.371599197387695	7.6321539878845215	7.249881744384766
0.889311859443631	6.884664535522461	7.6736016273498535	7.313333988189697	7.358564376831055	7.620204925537109
0.8898975109809664	7.614254951477051	7.4291558265686035	7.331854820251465	7.625834941864014	7.263278484344482
0.8904831625183016	7.156148433685303	7.4429850578308105	7.393615245819092	7.4446635246276855	8.055743217468262
0.8910688140556369	7.003393650054932	7.622738361358643	7.504642963409424	7.301355838775635	7.67180061340332
0.8916544655929722	7.436878204345703	7.88559627532959	7.4092512130737305	6.826235294342041	7.928956508636475
0.8922401171303075	7.217256546020508	6.8883137702941895	7.258636951446533	8.171969413757324	7.201510429382324
0.8928257686676427	6.729232311248779	7.319744110107422	7.467442035675049	6.657876014709473	7.68453311920166
0.893411420204978	7.153339862823486	7.97844123840332	7.065516948699951	6.795717716217041	7.600801944732666
0.8939970717423134	7.022002220153809	7.950581073760986	7.075734615325928	7.1901116371154785	6.804046630859375
0.8945827232796486	7.124673366546631	6.354986190795898	7.095353603363037	6.51511812210083	7.656303882598877
0.8951683748169839	7.084395885467529	7.751569747924805	7.039571762084961	6.311938762664795	7.294869899749756
0.8957540263543192	7.40414571762085	7.161841869354248	7.440584659576416	6.958401679992676	7.501838684082031
0.8963396778916545	7.556373119354248	7.845205783843994	6.947057247161865	7.369452953338623	7.336119174957275
0.8969253294289897	6.893596649169922	8.018306732177734	6.921225547790527	7.837724685668945	8.106468200683594
0.8975109809663251	7.453378677368164	8.246813774108887	7.312086582183838	7.4390153884887695	8.365036010742188
0.8980966325036603	7.267876148223877	7.806258201599121	7.274206638336182	8.249322891235352	7.8545942306518555
0.8986822840409956	6.989782810211182	6.658866882324219	7.108731269836426	7.2278828620910645	7.155333995819092
0.8992679355783308	6.819062232971191	7.647944927215576	7.4113593101501465	6.956768989562988	6.824827671051025
0.8998535871156662	7.131502628326416	7.891227722167969	7.266271591186523	7.49327278137207	7.241247177124023
0.9004392386530015	7.3518290519714355	7.053341865539551	7.3146772384643555	7.976501941680908	7.627638339996338
0.9010248901903367	7.477731227874756	7.823166847229004	7.033605098724365	7.65189790725708	7.320714473724365
0.9016105417276721	7.448870658874512	6.369716167449951	7.497844696044922	7.1544976234436035	7.0384368896484375
0.9021961932650073	7.445207595825195	7.309933185577393	7.230679988861084	6.7449421882629395	7.500423431396484
0.9027818448023426	7.027859210968018	6.823564052581787	7.024319648742676	7.870416164398193	7.453367710113525
0.9033674963396779	6.902851581573486	7.082761764526367	7.173305034637451	8.13747501373291	7.616870880126953
0.9039531478770132	7.2399725914001465	8.170280456542969	7.4962358474731445	6.728168487548828	7.0955610275268555
0.9045387994143484	7.277012825012207	8.374143600463867	7.026792526245117	7.0473713874816895	7.688688278198242
0.9051244509516837	7.178053855895996	7.54042911529541	7.338886737823486	7.5546112060546875	7.130703926086426
0.9057101024890191	7.086570739746094	7.658289909362793	6.8794097900390625	6.195258140563965	7.982789039611816
0.9062957540263543	7.00377893447876	8.231619834899902	7.181227207183838	7.198381423950195	7.201663017272949
0.9068814055636896	7.256814479827881	6.870026111602783	7.390653133392334	6.834498405456543	7.433101177215576
0.9074670571010249	7.10200309753418	7.337015151977539	7.629017353057861	7.248037338256836	7.365332126617432
0.9080527086383602	7.0467376708984375	7.558264255523682	7.38289737701416	7.99446964263916	7.112549304962158
0.9086383601756954	7.271209716796875	7.116210460662842	6.982787132263184	6.750617980957031	7.53959846496582
0.9092240117130308	7.298995018005371	7.193195343017578	7.3632588386535645	7.389389991760254	7.215550422668457
0.909809663250366	7.363429546356201	7.501750469207764	7.344295978546143	6.324821472167969	8.002119064331055
0.9103953147877013	6.845388412475586	7.150310516357422	7.591477394104004	7.133433818817139	7.6002912521362305
0.9109809663250366	7.202301025390625	7.904051303863525	7.350474834442139	6.87713098526001	7.225226879119873
0.9115666178623719	7.22707986831665	6.731377124786377	6.9423346519470215	8.19044303894043	7.190332889556885
0.9121522693997072	7.144664764404297	6.6123456954956055	6.919764518737793	7.057910919189453	7.200936317443848
0.9127379209370424	7.215925216674805	7.637808799743652	7.2983903884887695	8.20314884185791	7.470736026763916
0.9133235724743778	6.636791706085205	6.556295394897461	7.224981307983398	6.736994743347168	7.159622669219971
0.913909224011713	7.064873695373535	6.575385570526123	6.954778671264648	6.5405120849609375	6.879583358764648
0.9144948755490483	6.965838432312012	7.36847448348999	7.015982627868652	7.330152988433838	7.203845500946045
0.9150805270863837	7.044668674468994	7.4890456199646	7.073894023895264	7.667233943939209	7.215391159057617
0.9156661786237189	7.353421688079834	7.468618869781494	7.383932590484619	6.363480567932129	7.121134281158447
0.9162518301610542	7.140458583831787	7.164102077484131	6.859724521636963	7.208455562591553	7.386135101318359
0.9168374816983894	6.888714790344238	7.686521053314209	7.329696178436279	7.770493984222412	7.7645063400268555
0.9174231332357248	7.212146282196045	7.491307735443115	7.194420337677002	7.729146957397461	7.165834903717041
0.91800878477306	7.1897873878479	6.244207859039307	7.276641368865967	7.78127908706665	7.441414833068848
0.9185944363103953	7.290072441101074	7.281886577606201	6.8744425773620605	7.990521430969238	7.539938449859619
0.9191800878477306	7.114570617675781	6.617308139801025	7.045556545257568	7.238913059234619	7.2240095138549805
0.9197657393850659	7.073554515838623	7.674912929534912	6.90681266784668	8.05372428894043	7.713514804840088
0.9203513909224011	7.149364948272705	7.30409049987793	7.040663719177246	7.276264190673828	7.50242280960083
0.9209370424597365	7.141790866851807	8.21613883972168	7.249328136444092	7.488146781921387	7.232575416564941
0.9215226939970718	7.05534029006958	7.487979888916016	7.065704822540283	6.598530292510986	7.078952312469482
0.922108345534407	7.017542362213135	7.104400634765625	6.980661869049072	7.800967216491699	7.3792877197265625
0.9226939970717423	6.998108386993408	8.139413833618164	7.520999431610107	7.760521411895752	7.178640842437744
0.9232796486090776	7.348443508148193	7.112815856933594	7.046289920806885	8.492860794067383	7.638769626617432
0.9238653001464129	7.111069679260254	5.226884841918945	7.429232597351074	6.48789119720459	7.248852252960205
0.9244509516837481	7.2407379150390625	7.1113057136535645	7.258358001708984	7.620441436767578	7.522768974304199
0.9250366032210835	7.35015869140625	7.775484085083008	7.402132511138916	7.7440996170043945	7.409919738769531
0.9256222547584187	7.654866695404053	8.141605377197266	7.035787582397461	7.6382060050964355	7.4448723793029785
0.926207906295754	7.390890598297119	8.750802040100098	7.154179096221924	7.082760810852051	7.717311859130859
0.9267935578330894	7.195138454437256	7.754695892333984	7.200735092163086	7.049999237060547	7.83284854888916
0.9273792093704246	7.518346786499023	7.1688666343688965	7.449051856994629	7.8775763511657715	7.122142314910889
0.9279648609077599	7.102238655090332	8.164656639099121	7.000091552734375	6.689894199371338	7.651219844818115
0.9285505124450951	7.171375274658203	7.099526405334473	7.338836193084717	6.750098705291748	7.610239028930664
0.9291361639824305	7.138926982879639	6.763391017913818	7.381124019622803	7.9843549728393555	7.566342353820801
0.9297218155197657	7.093856334686279	6.593406677246094	7.16340970993042	7.398931503295898	7.374358177185059
0.930307467057101	6.7122626304626465	5.236178398132324	7.180955410003662	6.7557268142700195	7.62595796585083
0.9308931185944364	7.010250568389893	7.902339935302734	6.832711219787598	7.7599778175354	7.6052470207214355
0.9314787701317716	7.004793167114258	6.899376392364502	7.51458740234375	7.850805282592773	7.345188617706299
0.9320644216691069	7.2800421714782715	6.8561110496521	7.1114115715026855	6.376076698303223	7.111820697784424
0.9326500732064422	6.971377849578857	7.003751754760742	7.355828762054443	6.428330421447754	7.431316375732422
0.9332357247437775	7.543694496154785	6.924965858459473	6.864955902099609	7.598487377166748	7.638020992279053
0.9338213762811127	7.287605285644531	7.165877819061279	7.141526699066162	7.843884468078613	7.4253034591674805
0.934407027818448	7.553890228271484	7.7420654296875	6.928083419799805	7.865657806396484	7.225959777832031
0.9349926793557833	7.407155990600586	7.642421722412109	6.977224826812744	6.872848987579346	7.457097053527832
0.9355783308931186	7.197719097137451	7.16796875	7.07299280166626	7.078690528869629	7.996329307556152
0.9361639824304538	6.9967851638793945	6.544642448425293	6.902915000915527	7.504250526428223	7.7557501792907715
0.9367496339677892	7.471839904785156	7.215661525726318	6.764420032501221	6.11959981918335	7.513284206390381
0.9373352855051245	6.995283126831055	8.397391319274902	7.255566596984863	7.827663421630859	7.6451640129089355
0.9379209370424597	7.13662052154541	6.876560211181641	6.832330703735352	8.060834884643555	7.566750526428223
0.9385065885797951	7.147645950317383	7.4597368240356445	7.430137634277344	7.016371726989746	7.464402675628662
0.9390922401171303	7.060173034667969	6.711320400238037	7.665736675262451	6.883680820465088	7.685847759246826
0.9396778916544656	7.427829265594482	6.689901828765869	7.266391277313232	7.264148712158203	7.3730788230896
0.9402635431918008	7.4118781089782715	7.5356669425964355	7.0705952644348145	6.5240020751953125	7.586312770843506
0.9408491947291362	7.175879001617432	8.17372989654541	7.342329978942871	8.153014183044434	7.625280380249023
0.9414348462664714	7.439596176147461	7.350925922393799	7.141557693481445	7.52827262878418	7.593414783477783
0.9420204978038067	7.095690727233887	7.164644718170166	7.041900157928467	7.523969650268555	7.442632675170898
0.9426061493411421	7.195742130279541	7.238144874572754	7.538898468017578	7.027825832366943	7.387546062469482
0.9431918008784773	7.101808547973633	8.106399536132812	7.229850769042969	8.11245059967041	7.20994234085083
0.9437774524158126	6.821628570556641	6.114723205566406	6.950069904327393	6.502643585205078	7.216198921203613
0.9443631039531479	7.192122936248779	7.774796485900879	6.885263919830322	7.495116233825684	6.99095344543457
0.9449487554904832	7.0496721267700195	7.6524882316589355	7.518675327301025	7.41326379776001	7.0639567375183105
0.9455344070278184	7.161532402038574	6.552586555480957	6.901458740234375	7.898920059204102	7.244156360626221
0.9461200585651537	7.038007736206055	7.788278102874756	7.391260147094727	7.206807613372803	7.504879474639893
0.946705710102489	7.233397960662842	6.705565929412842	7.1686577796936035	8.0543794631958	7.32174825668335
0.9472913616398243	7.595428466796875	6.90624475479126	7.483139991760254	6.988674640655518	7.499063491821289
0.9478770131771596	6.848814487457275	6.963515281677246	7.087912082672119	7.887411594390869	7.337066173553467
0.9484626647144949	7.357544898986816	7.189086437225342	7.056179523468018	7.17596435546875	7.834138870239258
0.9490483162518302	7.147359371185303	7.045453071594238	7.279113292694092	7.992519378662109	7.479374885559082
0.9496339677891654	7.405674934387207	7.058952331542969	7.18282413482666	7.420823097229004	7.51413106918335
0.9502196193265008	7.211983680725098	7.096126079559326	7.256659030914307	7.70682954788208	7.479918003082275
0.950805270863836	7.109972953796387	7.470853328704834	6.963090419769287	7.668159484863281	7.406989574432373
0.9513909224011713	7.286172389984131	6.314568996429443	7.320801734924316	7.687093734741211	7.497448921203613
0.9519765739385065	7.2620415687561035	6.3108344078063965	7.151065826416016	6.561434268951416	7.955504894256592
0.9525622254758419	7.205281734466553	6.924907207489014	6.803225517272949	6.915927410125732	7.007931709289551
0.9531478770131772	7.287639617919922	7.310930252075195	6.85239839553833	8.614787101745605	7.285678863525391
0.9537335285505124	7.254356861114502	8.028938293457031	7.091259956359863	7.0955491065979	7.340190887451172
0.9543191800878478	7.423733711242676	7.166701316833496	7.222277641296387	7.827364921569824	6.918979167938232
0.954904831625183	7.348099708557129	7.705143451690674	7.129750728607178	6.489152431488037	7.019820690155029
0.9554904831625183	6.9819865226745605	7.807622909545898	6.95795202255249	6.869606018066406	7.182876110076904
0.9560761346998536	7.0570902824401855	7.021081447601318	7.210641384124756	6.713316440582275	7.1726226806640625
0.9566617862371889	6.908920764923096	7.668276786804199	7.324893951416016	7.103589057922363	7.571187496185303
0.9572474377745241	7.32280969619751	6.439451694488525	7.4935688972473145	6.855953216552734	7.151276588439941
0.9578330893118594	6.959969520568848	7.225268840789795	7.1643781661987305	6.9364495277404785	7.295954704284668
0.9584187408491948	7.027155876159668	7.102611541748047	6.805374622344971	8.218038558959961	7.4507670402526855
0.95900439238653	6.929657936096191	7.076796531677246	7.242268085479736	6.27564001083374	7.197813034057617
0.9595900439238653	7.515496253967285	7.41287088394165	7.244889259338379	6.9952392578125	7.929975986480713
0.9601756954612006	6.848179340362549	6.751981735229492	7.288716793060303	8.481382369995117	7.464524269104004
0.9607613469985359	6.913697719573975	8.320985794067383	7.189326286315918	7.075328826904297	7.289856433868408
0.9613469985358711	7.023409366607666	7.6246562004089355	6.888731956481934	6.753826141357422	7.3086018562316895
0.9619326500732065	7.245798587799072	7.4451775550842285	7.147494316101074	6.437549114227295	7.912217140197754
0.9625183016105417	7.33247709274292	7.27324104309082	6.859074115753174	7.354369163513184	7.05380392074585
0.963103953147877	7.433886528015137	7.291684150695801	6.658696174621582	6.680498123168945	7.560164928436279
0.9636896046852123	7.3575439453125	6.378773212432861	7.251166820526123	7.135561466217041	7.069636821746826
0.9642752562225476	7.452983856201172	7.02190637588501	6.932713031768799	7.0479960441589355	7.502930164337158
0.9648609077598829	7.084869384765625	7.00084924697876	7.175539493560791	7.768310546875	7.639411926269531
0.9654465592972181	7.082213401794434	7.030999183654785	6.965590476989746	7.78190279006958	7.473810195922852
0.9660322108345535	7.384525299072266	7.391474723815918	6.946649074554443	7.4487833976745605	7.811849594116211
0.9666178623718887	7.290946960449219	6.2882256507873535	7.1746745109558105	7.581667423248291	7.7410359382629395
0.967203513909224	7.151837348937988	7.672560214996338	7.132259845733643	7.480884552001953	7.122047424316406
0.9677891654465594	7.27972936630249	6.659637928009033	7.442129611968994	7.374884605407715	7.697485446929932
0.9683748169838946	7.278772830963135	7.264262676239014	7.184341907501221	6.883162975311279	7.004027366638184
0.9689604685212299	6.946919918060303	8.366252899169922	7.262300968170166	8.382001876831055	8.031946182250977
0.9695461200585651	7.355907440185547	7.9655985832214355	7.009820461273193	7.616949558258057	7.274168968200684
0.9701317715959005	7.333325386047363	7.520458698272705	7.055520534515381	7.981550693511963	7.579927444458008
0.9707174231332357	7.000030517578125	7.196449279785156	7.176556587219238	6.822765827178955	7.374438762664795
0.971303074670571	7.109064102172852	7.261916160583496	7.063258171081543	7.552860736846924	7.413113117218018
0.9718887262079063	7.008370876312256	7.739974021911621	7.279472827911377	7.846158981323242	7.35499382019043
0.9724743777452416	6.800228595733643	7.4935150146484375	7.339408874511719	7.155953884124756	7.945128440856934
0.9730600292825768	7.0825605392456055	6.493793487548828	7.458767890930176	8.365428924560547	7.292645454406738
0.9736456808199122	7.006505966186523	7.057234287261963	7.286855697631836	6.9472737312316895	7.494255542755127
0.9742313323572475	6.9957594871521	6.438586711883545	7.2211432456970215	7.439838409423828	7.094701290130615
0.9748169838945827	7.485074043273926	6.2158637046813965	7.116857051849365	7.175817966461182	6.880415439605713
0.975402635431918	7.500871181488037	7.7300028800964355	7.473453998565674	7.005885124206543	8.206634521484375
0.9759882869692533	6.9923505783081055	7.071652412414551	7.489733695983887	7.065709590911865	7.865948677062988
0.9765739385065886	7.167332649230957	7.544188499450684	7.150346755981445	6.88241720199585	7.481902599334717
0.9771595900439238	7.277035713195801	7.214250564575195	7.292985916137695	7.314051628112793	6.983162879943848
0.9777452415812592	6.709299087524414	5.8994317054748535	6.850264549255371	7.2824883460998535	7.2790913581848145
0.9783308931185944	7.4779486656188965	6.105121612548828	7.355309963226318	7.606228828430176	7.127788066864014
0.9789165446559297	7.273655414581299	7.077874183654785	6.817840576171875	8.038521766662598	7.888747692108154
0.9795021961932651	6.935309886932373	7.891517162322998	6.949305057525635	7.211928367614746	7.50731086730957
0.9800878477306003	6.844870090484619	7.4875969886779785	6.841404914855957	7.609361171722412	6.9725823402404785
0.9806734992679356	6.866304397583008	7.718328952789307	7.1412858963012695	6.961513519287109	7.370668411254883
0.9812591508052708	7.135878562927246	6.95784854888916	7.099153518676758	7.149284362792969	7.694037437438965
0.9818448023426062	6.9524993896484375	6.892959117889404	7.079248905181885	7.44751501083374	7.395927429199219
0.9824304538799414	7.137548446655273	6.628711223602295	6.972778797149658	7.432290554046631	8.051494598388672
0.9830161054172767	7.253199100494385	6.382717609405518	7.72590970993042	6.909720420837402	7.243985176086426
0.983601756954612	7.117578029632568	7.237684726715088	7.106801986694336	9.249707221984863	7.879554748535156
0.9841874084919473	7.034226417541504	7.394452095031738	7.380540370941162	7.445326805114746	7.015814781188965
0.9847730600292826	7.133979320526123	7.434072971343994	7.136753082275391	7.361223220825195	7.522588729858398
0.9853587115666179	6.811553478240967	7.735660552978516	7.38869047164917	7.3770270347595215	7.536100387573242
0.9859443631039532	7.198838710784912	7.04408073425293	7.007327079772949	6.371856212615967	6.896866321563721
0.9865300146412884	7.036749839782715	7.258522033691406	7.208717346191406	7.88505220413208	7.433873176574707
0.9871156661786237	7.264665126800537	7.6983323097229	7.310352802276611	7.504934787750244	7.258640289306641
0.987701317715959	7.154987335205078	6.498570442199707	7.017899990081787	8.539199829101562	7.418601989746094
0.9882869692532943	7.380878448486328	7.385684967041016	7.546355724334717	6.90648078918457	7.304443359375
0.9888726207906295	7.663102149963379	6.460859298706055	7.596776008605957	7.040525436401367	8.033501625061035
0.9894582723279649	7.68988561630249	7.3827595710754395	6.90908145904541	6.883360385894775	7.55217170715332
0.9900439238653002	7.437657833099365	7.487961769104004	7.371946811676025	7.686307430267334	7.378320217132568
0.9906295754026354	7.589260578155518	7.927049160003662	7.102372646331787	7.425776958465576	7.719870090484619
0.9912152269399708	7.106607437133789	7.239809989929199	7.025444984436035	8.278861045837402	7.381953239440918
0.991800878477306	6.748432159423828	7.21514368057251	7.655290126800537	6.814376354217529	6.865495204925537
0.9923865300146413	7.459666728973389	6.855687618255615	7.053450584411621	6.513993263244629	7.670644283294678
0.9929721815519765	7.205165863037109	7.775622367858887	7.088360786437988	7.143154144287109	6.961796760559082
0.9935578330893119	6.963193893432617	6.911109924316406	7.0638227462768555	7.3974995613098145	7.444075107574463
0.9941434846266471	6.992575168609619	6.881164073944092	7.12531042098999	7.636250972747803	7.3669633865356445
0.9947291361639824	7.242369651794434	6.880668640136719	7.669371128082275	7.717477321624756	7.666872501373291
0.9953147877013178	7.478621959686279	8.01697826385498	6.942927360534668	6.7841362953186035	6.822021007537842
0.995900439238653	7.233673095703125	8.310772895812988	7.501214027404785	6.78757381439209	7.1880292892456055
0.9964860907759883	7.631394863128662	7.21188497543335	7.166810989379883	7.702309608459473	7.299946308135986
0.9970717423133236	7.71160364151001	8.372773170471191	7.2814130783081055	6.438697814941406	7.796834468841553
0.9976573938506589	7.002989292144775	7.362698554992676	7.294649600982666	7.65739631652832	7.194063663482666
0.9982430453879941	7.023270130157471	6.604641914367676	7.206543445587158	8.419161796569824	7.8333516120910645
0.9988286969253294	7.558326244354248	7.342102527618408	7.2529377937316895	7.260559558868408	7.630975723266602
0.9994143484626647	7.1795430183410645	7.465889930725098	7.450366973876953	6.919855117797852	7.735269546508789
