2.0 MHz 3415 Ticks 14.0 mV/fC 2.2 microsecond
Freq  1.04 576.77 1.04 576.77 399.00 401.00
Plane 0 0 1 1 2 2
-1 6.34 9.15 6.58 9.86 8.75 8.75
0.00029282576866764275 40.99740219116211 56.27194595336914 55.38151550292969 47.830963134765625 76.79679870605469 76.79679870605469
0.0008784773060029283 43.110267639160156 71.00904846191406 52.50895309448242 54.463539123535156 65.37821960449219 65.37821960449219
0.0014641288433382138 44.18532180786133 55.90825271606445 47.93710708618164 54.66127014160156 65.07817840576172 65.07817840576172
0.0020497803806734994 39.806278228759766 62.72935104370117 49.88910675048828 51.805931091308594 56.518028259277344 56.518028259277344
0.0026354319180087846 41.510581970214844 60.90494155883789 47.781124114990234 46.20178985595703 60.98926544189453 60.98926544189453
0.00322108345534407 39.8657341003418 64.36885070800781 46.18133544921875 54.28693389892578 57.82955551147461 57.82955551147461
0.003806734992679356 40.58601760864258 52.55821228027344 48.84877014160156 48.82892608642578 52.36909866333008 52.36909866333008
0.004392386530014641 41.78538131713867 63.88993453979492 46.71940231323242 54.22967529296875 53.83939743041992 53.83939743041992
0.004978038067349927 40.510711669921875 60.55800247192383 46.694271087646484 51.83140182495117 58.48073196411133 58.48073196411133
0.005563689604685213 43.97319412231445 57.426448822021484 45.781253814697266 48.40909194946289 59.30803680419922 59.30803680419922
0.006149341142020498 40.365074157714844 59.37092971801758 49.50834655761719 54.403358459472656 49.11931610107422 49.11931610107422
0.006734992679355783 40.85752868652344 51.36704635620117 41.433013916015625 47.810569763183594 55.70805740356445 55.70805740356445
0.007320644216691069 40.06617736816406 52.36256790161133 40.45633316040039 50.108158111572266 55.16984558105469 55.16984558105469
0.007906295754026354 39.089778900146484 59.23513412475586 40.10580062866211 49.01908874511719 50.93210220336914 50.93210220336914
0.00849194729136164 39.86346435546875 51.04922866821289 41.8370361328125 51.87839889526367 59.96635055541992 59.96635055541992
0.009077598828696925 42.03432083129883 52.63823318481445 40.03649139404297 63.56980895996094 52.62335205078125 52.62335205078125
0.009663250366032211 42.94689178466797 53.67583084106445 42.616729736328125 49.342124938964844 55.44260787963867 55.44260787963867
0.010248901903367497 40.88501739501953 55.10237121582031 42.40391159057617 52.54301452636719 52.85953140258789 52.85953140258789
0.010834553440702782 40.87257766723633 58.445621490478516 42.05675506591797 50.087223052978516 50.746177673339844 50.746177673339844
0.011420204978038067 43.2632942199707 62.128536224365234 43.31148147583008 53.363590240478516 54.011497497558594 54.011497497558594
0.012005856515373352 41.14378356933594 61.50239944458008 46.40372085571289 58.657840728759766 53.330047607421875 53.330047607421875
0.012591508052708639 39.833587646484375 55.36506652832031 45.14751434326172 53.068084716796875 53.89765167236328 53.89765167236328
0.013177159590043924 40.50700759887695 60.82414245605469 44.12078094482422 59.928802490234375 58.3111457824707 58.3111457824707
0.01376281112737921 42.330162048339844 64.6571273803711 43.969600677490234 54.728057861328125 53.6357421875 53.6357421875
0.014348462664714495 39.992252349853516 60.762550354003906 43.535953521728516 59.613529205322266 51.81023025512695 51.81023025512695
0.01493411420204978 41.650856018066406 58.58074951171875 44.799293518066406 55.74138641357422 52.3056640625 52.3056640625
0.015519765739385067 43.56441879272461 55.0930061340332 44.51718521118164 58.753055572509766 57.903499603271484 57.903499603271484
0.016105417276720352 39.70154571533203 57.81298828125 44.17972183227539 58.21219253540039 52.3006706237793 52.3006706237793
0.016691068814055635 42.9457893371582 51.84436798095703 45.95356750488281 55.743221282958984 58.519046783447266 58.519046783447266
0.017276720351390922 42.4483528137207 59.402462005615234 45.095088958740234 61.38128662109375 56.7120246887207 56.7120246887207
0.01786237188872621 41.03688430786133 58.827362060546875 45.270626068115234 53.795711517333984 60.46255874633789 60.46255874633789
0.018448023426061493 42.76280212402344 60.168548583984375 42.255977630615234 52.99903106689453 60.9780387878418 60.9780387878418
0.01903367496339678 42.44997787475586 65.872314453125 45.3875732421875 55.87811279296875 58.37075424194336 58.37075424194336
0.019619326500732063 43.62166213989258 63.20418930053711 45.97586441040039 63.31673049926758 60.870731353759766 60.870731353759766
0.02020497803806735 44.76334762573242 62.92567825317383 45.24090576171875 63.850685119628906 54.71174240112305 54.71174240112305
0.020790629575402637 45.19464111328125 68.70098114013672 47.73762893676758 53.818843841552734 58.007591247558594 58.007591247558594
0.02137628111273792 43.88493347167969 61.02571487426758 47.35440444946289 58.362937927246094 62.22611999511719 62.22611999511719
0.021961932650073207 42.209739685058594 70.81574249267578 47.908729553222656 62.95494842529297 53.33076858520508 53.33076858520508
0.02254758418740849 44.844703674316406 90.56949615478516 42.531829833984375 59.218902587890625 65.12579345703125 65.12579345703125
0.023133235724743777 42.85383224487305 68.07365417480469 45.24385452270508 66.28992462158203 58.56443786621094 58.56443786621094
0.023718887262079064 43.05610275268555 71.8102798461914 47.476287841796875 89.58045959472656 57.7216796875 57.7216796875
0.024304538799414348 42.73223876953125 74.60008239746094 47.49427032470703 103.45865631103516 62.18584442138672 62.18584442138672
0.024890190336749635 44.507667541503906 59.41155242919922 45.61332702636719 70.57002258300781 59.162899017333984 59.162899017333984
0.025475841874084918 44.582550048828125 68.73188781738281 48.10106658935547 62.949100494384766 61.099605560302734 61.099605560302734
0.026061493411420205 43.771968841552734 64.00209045410156 44.01106643676758 63.97878646850586 62.728538513183594 62.728538513183594
0.026647144948755492 47.04022979736328 68.64891815185547 51.56865310668945 67.17872619628906 78.26171112060547 78.26171112060547
0.027232796486090775 43.56275939941406 68.84516143798828 46.54712677001953 66.16019439697266 73.61304473876953 73.61304473876953
0.027818448023426062 45.80279541015625 58.94514083862305 46.085289001464844 68.9355697631836 62.45962905883789 62.45962905883789
0.028404099560761346 44.56672668457031 70.7825927734375 48.14958953857422 65.7336196899414 59.254825592041016 59.254825592041016
0.028989751098096633 41.435546875 70.2791519165039 46.16560745239258 57.3400993347168 57.18390655517578 57.18390655517578
0.02957540263543192 41.7195930480957 70.10951232910156 45.22323989868164 63.31781768798828 63.16659927368164 63.16659927368164
0.030161054172767203 46.77933883666992 73.75312042236328 45.0001220703125 69.56493377685547 58.40547561645508 58.40547561645508
0.03074670571010249 45.09418869018555 76.48863220214844 42.88508224487305 67.44661712646484 61.84610366821289 61.84610366821289
0.03133235724743778 43.9757194519043 71.30050659179688 45.82102584838867 64.43525695800781 59.86025619506836 59.86025619506836
0.03191800878477306 45.86893081665039 73.12590789794922 47.8272819519043 73.40110778808594 65.4972152709961 65.4972152709961
0.032503660322108344 41.71855163574219 63.28334426879883 44.89239501953125 74.94683837890625 66.29501342773438 66.29501342773438
0.03308931185944363 43.5389289855957 72.86773681640625 48.026920318603516 62.346229553222656 57.92372512817383 57.92372512817383
0.03367496339677892 44.25591278076172 63.093074798583984 44.44292449951172 60.48792266845703 60.764671325683594 60.764671325683594
0.034260614934114204 44.442134857177734 71.19055938720703 45.553070068359375 81.74120330810547 65.61994171142578 65.61994171142578
0.034846266471449484 43.37530517578125 73.36762237548828 46.78569030761719 60.0185432434082 58.200965881347656 58.200965881347656
0.03543191800878477 42.514007568359375 70.56973266601562 46.729801177978516 75.33853912353516 62.09896469116211 62.09896469116211
0.03601756954612006 42.94743728637695 71.79638671875 47.98354721069336 70.53912353515625 63.46810531616211 63.46810531616211
0.036603221083455345 43.91769027709961 66.98225402832031 47.49562454223633 80.2750473022461 59.49782180786133 59.49782180786133
0.03718887262079063 45.799251556396484 76.88143157958984 45.6651725769043 70.37216186523438 61.76049041748047 61.76049041748047
0.03777452415812591 42.76696014404297 72.78767395019531 44.63340377807617 77.70016479492188 56.738670349121094 56.738670349121094
0.0383601756954612 43.933780670166016 80.56594848632812 48.03227615356445 66.90741729736328 60.354679107666016 60.354679107666016
0.038945827232796486 45.75069808959961 63.36599349975586 48.1983757019043 72.28089141845703 65.71040344238281 65.71040344238281
0.03953147877013177 45.4834098815918 71.72200775146484 46.239898681640625 73.0215072631836 64.90088653564453 64.90088653564453
0.04011713030746706 45.14263916015625 64.65616607666016 47.02793502807617 76.65415954589844 63.88280487060547 63.88280487060547
0.04070278184480234 43.99734115600586 78.63890838623047 46.32623291015625 77.24592590332031 61.512420654296875 61.512420654296875
0.041288433382137626 42.616943359375 77.86387634277344 45.42757034301758 76.413330078125 61.825836181640625 61.825836181640625
0.04187408491947291 44.1911735534668 71.90880584716797 45.21945571899414 66.61018371582031 61.75537872314453 61.75537872314453
0.0424597364568082 40.340415954589844 73.93180084228516 44.901885986328125 79.07453918457031 63.61434555053711 63.61434555053711
0.04304538799414349 44.892066955566406 80.63690185546875 45.333518981933594 72.51168060302734 62.861881256103516 62.861881256103516
0.04363103953147877 47.00666046142578 78.80412292480469 45.07387161254883 75.4332275390625 69.44312286376953 69.44312286376953
0.044216691068814054 44.9282341003418 75.74354553222656 45.25507736206055 77.48058319091797 59.82414245605469 59.82414245605469
0.04480234260614934 43.100929260253906 86.3658676147461 46.355953216552734 84.63623809814453 68.92794799804688 68.92794799804688
0.04538799414348463 43.72836685180664 68.16796112060547 49.760704040527344 85.93164825439453 63.53348922729492 63.53348922729492
0.045973645680819915 41.670013427734375 77.6590805053711 45.55121994018555 78.58863067626953 68.45076751708984 68.45076751708984
0.046559297218155195 44.65615463256836 74.3231201171875 48.28438949584961 79.91633605957031 64.31840515136719 64.31840515136719
0.04714494875549048 43.92327117919922 85.157470703125 48.384971618652344 79.64620971679688 66.48394012451172 66.48394012451172
0.04773060029282577 42.81743621826172 83.1744613647461 45.02490234375 84.05729675292969 66.74722290039062 66.74722290039062
0.048316251830161056 45.251426696777344 77.41322326660156 46.66724395751953 83.44947052001953 67.4585952758789 67.4585952758789
0.04890190336749634 45.248130798339844 94.02044677734375 46.811134338378906 77.45590209960938 68.37837219238281 68.37837219238281
0.04948755490483162 43.937538146972656 76.26419067382812 47.90874481201172 78.79463958740234 64.82781219482422 64.82781219482422
0.05007320644216691 44.33037185668945 75.220947265625 47.50526428222656 70.4721450805664 60.778770446777344 60.778770446777344
0.050658857979502196 44.57453155517578 74.01351928710938 48.72639846801758 82.28203582763672 66.20285034179688 66.20285034179688
0.05124450951683748 43.31490707397461 82.01995849609375 49.241172790527344 101.28469848632812 62.586429595947266 62.586429595947266
0.05183016105417277 45.496910095214844 90.45255279541016 48.86235427856445 79.89617156982422 65.52706909179688 65.52706909179688
0.05241581259150805 44.41802978515625 77.06748962402344 48.180240631103516 82.38481140136719 68.03216552734375 68.03216552734375
0.05300146412884334 45.90601348876953 79.67469787597656 45.77484893798828 82.73861694335938 59.94609832763672 59.94609832763672
0.053587115666178624 44.75177001953125 78.11872100830078 49.19560623168945 88.97077178955078 65.79208374023438 65.79208374023438
0.05417276720351391 44.333126068115234 79.41453552246094 47.843482971191406 92.88119506835938 72.00613403320312 72.00613403320312
0.0547584187408492 44.530677795410156 79.34341430664062 48.186309814453125 89.72077178955078 65.95201873779297 65.95201873779297
0.05534407027818448 44.14606475830078 83.06884765625 48.89336395263672 91.74401092529297 66.58439636230469 66.58439636230469
0.055929721815519765 46.858680725097656 83.08049774169922 47.42254638671875 84.8664779663086 62.605979919433594 62.605979919433594
0.05651537335285505 42.1732292175293 82.94080352783203 46.711517333984375 100.0810775756836 73.25733947753906 73.25733947753906
0.05710102489019034 43.016815185546875 89.04460906982422 46.831443786621094 82.60040283203125 69.12745666503906 69.12745666503906
0.057686676427525625 45.292205810546875 89.60315704345703 47.23872756958008 94.42465209960938 70.36962890625 70.36962890625
0.058272327964860905 44.61113739013672 89.07694244384766 45.728431701660156 97.87516021728516 62.87056350708008 62.87056350708008
0.05885797950219619 45.51655960083008 83.691162109375 49.41151809692383 86.4561767578125 71.02383422851562 71.02383422851562
0.05944363103953148 42.23042297363281 85.71940612792969 48.62429428100586 93.92093658447266 66.99441528320312 66.99441528320312
0.060029282576866766 43.77012634277344 83.82061767578125 47.29936218261719 87.49452209472656 70.47888946533203 70.47888946533203
0.06061493411420205 42.77265548706055 94.0553970336914 48.084739685058594 88.18131256103516 66.26939392089844 66.26939392089844
0.06120058565153733 44.2378044128418 81.74522399902344 49.21490478515625 89.51298522949219 67.45626068115234 67.45626068115234
0.06178623718887262 46.84547424316406 85.9294204711914 47.595458984375 89.90275573730469 65.43873596191406 65.43873596191406
0.06237188872620791 43.80281448364258 98.75146484375 47.59907150268555 85.57861328125 75.55626678466797 75.55626678466797
0.0629575402635432 42.968421936035156 91.33902740478516 49.28647994995117 92.01892852783203 65.6781234741211 65.6781234741211
0.06354319180087847 42.567298889160156 84.4886245727539 45.094451904296875 92.91610717773438 69.6884536743164 69.6884536743164
0.06412884333821377 45.81230163574219 80.71867370605469 47.663883209228516 96.5062255859375 66.89204406738281 66.89204406738281
0.06471449487554905 45.49285888671875 91.07374572753906 45.845298767089844 90.16427612304688 67.52246856689453 67.52246856689453
0.06530014641288433 44.43198776245117 90.24127960205078 47.69908142089844 91.00772094726562 73.29806518554688 73.29806518554688
0.06588579795021962 43.20901107788086 88.27444458007812 49.48736572265625 95.42520904541016 71.32230377197266 71.32230377197266
0.0664714494875549 44.227725982666016 84.85496520996094 47.84080123901367 101.94339752197266 71.22557830810547 71.22557830810547
0.0670571010248902 42.94565963745117 84.62012481689453 49.465267181396484 94.24629211425781 73.9101333618164 73.9101333618164
0.06764275256222547 42.37800979614258 89.00772094726562 46.94987869262695 87.37803649902344 72.02881622314453 72.02881622314453
0.06822840409956075 45.420860290527344 82.9500732421875 46.69329833984375 98.6241226196289 66.2180404663086 66.2180404663086
0.06881405563689605 44.069705963134766 85.98474884033203 47.575965881347656 82.16669464111328 60.41748046875 60.41748046875
0.06939970717423133 45.04050064086914 89.70653533935547 46.28154373168945 95.65190887451172 73.1043930053711 73.1043930053711
0.06998535871156662 44.01512908935547 91.72489166259766 51.57691192626953 90.38908386230469 69.91698455810547 69.91698455810547
0.0705710102489019 44.578922271728516 95.69273376464844 50.637168884277344 85.50040435791016 73.58075714111328 73.58075714111328
0.07115666178623718 43.47744369506836 87.16673278808594 47.83332443237305 80.66058349609375 68.9262924194336 68.9262924194336
0.07174231332357248 45.47615432739258 99.24319458007812 48.852108001708984 105.48258209228516 66.82249450683594 66.82249450683594
0.07232796486090776 42.132389068603516 91.16305541992188 49.1763916015625 91.22535705566406 68.94806671142578 68.94806671142578
0.07291361639824305 45.16388702392578 90.80132293701172 48.8155632019043 92.34781646728516 73.67511749267578 73.67511749267578
0.07349926793557833 46.315242767333984 94.11544799804688 47.721405029296875 85.42512512207031 69.792236328125 69.792236328125
0.07408491947291361 45.237613677978516 84.2536392211914 47.74354553222656 92.39246368408203 71.92198181152344 71.92198181152344
0.0746705710102489 42.873531341552734 85.46344757080078 46.873748779296875 87.17880249023438 72.04934692382812 72.04934692382812
0.07525622254758418 45.54484558105469 91.23981475830078 51.321380615234375 97.25526428222656 76.38033294677734 76.38033294677734
0.07584187408491948 46.66917037963867 94.98883819580078 47.5877571105957 83.0299301147461 73.29837036132812 73.29837036132812
0.07642752562225476 42.9868278503418 86.89398956298828 48.379905700683594 87.5369873046875 72.27017974853516 72.27017974853516
0.07701317715959004 43.69415283203125 84.06961059570312 48.72764587402344 92.72702026367188 72.15576934814453 72.15576934814453
0.07759882869692533 44.76070022583008 85.15392303466797 47.787994384765625 90.30007934570312 67.70072174072266 67.70072174072266
0.07818448023426061 44.8497200012207 86.84564971923828 47.36486053466797 99.613525390625 72.70838165283203 72.70838165283203
0.0787701317715959 44.14574432373047 76.72376251220703 45.69612121582031 95.15351867675781 72.95740509033203 72.95740509033203
0.07935578330893119 43.75090789794922 88.46453094482422 44.929866790771484 95.75082397460938 70.29407501220703 70.29407501220703
0.07994143484626647 43.59762954711914 86.56126403808594 50.00778579711914 90.84680938720703 71.19596862792969 71.19596862792969
0.08052708638360176 45.255123138427734 88.16069793701172 46.6050910949707 100.94158172607422 69.8361587524414 69.8361587524414
0.08111273792093704 43.19261169433594 92.49810791015625 48.22482681274414 87.96160125732422 76.05167388916016 76.05167388916016
0.08169838945827233 46.6399040222168 83.61895751953125 47.585845947265625 94.07699584960938 73.4255142211914 73.4255142211914
0.08228404099560761 46.091373443603516 89.0153579711914 49.1151237487793 103.59878540039062 72.51231384277344 72.51231384277344
0.08286969253294289 44.030887603759766 90.28373718261719 48.70682144165039 93.1691665649414 68.74430084228516 68.74430084228516
0.08345534407027819 44.1983528137207 97.1128921508789 44.64798355102539 103.13963317871094 74.46800231933594 74.46800231933594
0.08404099560761347 42.03644943237305 87.9197998046875 48.879032135009766 89.61051177978516 75.12716674804688 75.12716674804688
0.08462664714494876 44.80992126464844 98.55328369140625 46.22110366821289 85.68273162841797 71.39631652832031 71.39631652832031
0.08521229868228404 42.73454284667969 87.7691879272461 48.79872512817383 96.35883331298828 72.74884033203125 72.74884033203125
0.08579795021961932 43.76924133300781 100.23147583007812 47.62639617919922 93.97867584228516 67.81211853027344 67.81211853027344
0.08638360175695461 43.274322509765625 91.32210540771484 45.16577911376953 97.99842834472656 74.01190948486328 74.01190948486328
0.0869692532942899 43.3868522644043 90.81786346435547 45.6406364440918 110.94713592529297 71.61703491210938 71.61703491210938
0.08755490483162519 45.14832305908203 92.67562866210938 45.915924072265625 97.9250717163086 71.18901062011719 71.18901062011719
0.08814055636896047 43.75831985473633 92.88468933105469 46.54530334472656 81.08856201171875 80.87684631347656 80.87684631347656
0.08872620790629575 44.37837219238281 94.76638793945312 46.12934494018555 99.3148422241211 72.51515197753906 72.51515197753906
0.08931185944363104 42.794532775878906 82.67579650878906 47.8797492980957 88.298095703125 82.12586212158203 82.12586212158203
0.08989751098096632 45.05857467651367 83.20220947265625 49.397029876708984 99.57467651367188 66.63221740722656 66.63221740722656
0.09048316251830162 43.48454284667969 93.33670043945312 47.08610153198242 92.1320571899414 79.82185363769531 79.82185363769531
0.0910688140556369 42.50006103515625 92.94327545166016 47.946048736572266 104.63125610351562 74.24947357177734 74.24947357177734
0.09165446559297218 43.08687210083008 95.04651641845703 45.237064361572266 89.94880676269531 73.18875122070312 73.18875122070312
0.09224011713030747 45.32529067993164 100.10739135742188 48.21383285522461 89.96446990966797 72.97086334228516 72.97086334228516
0.09282576866764275 42.878658294677734 101.7166519165039 48.18730926513672 99.88035583496094 76.25082397460938 76.25082397460938
0.09341142020497804 45.55958557128906 99.48855590820312 49.68437957763672 90.09298706054688 72.5006332397461 72.5006332397461
0.09399707174231332 44.622093200683594 88.8828353881836 45.37307357788086 92.61774444580078 77.02945709228516 77.02945709228516
0.0945827232796486 42.07928466796875 93.66873168945312 49.39094161987305 102.32532501220703 76.93641662597656 76.93641662597656
0.0951683748169839 44.878868103027344 83.00525665283203 45.795570373535156 99.03950500488281 73.21162414550781 73.21162414550781
0.09575402635431918 43.37958908081055 97.39218139648438 44.81006622314453 98.07218170166016 74.15973663330078 74.15973663330078
0.09633967789165447 45.20732498168945 92.0422134399414 49.51203155517578 105.22322082519531 71.50548553466797 71.50548553466797
0.09692532942898975 45.253108978271484 95.52179718017578 47.78599166870117 94.3560791015625 72.46847534179688 72.46847534179688
0.09751098096632503 44.81349182128906 108.51961517333984 46.18208312988281 97.54528045654297 68.88768005371094 68.88768005371094
0.09809663250366032 44.36111831665039 84.14247131347656 47.50927734375 110.58422088623047 69.7932357788086 69.7932357788086
0.0986822840409956 45.85927200317383 103.80384063720703 46.981910705566406 97.548583984375 68.765625 68.765625
0.0992679355783309 44.266441345214844 99.55461120605469 46.70561218261719 94.57246398925781 77.10828399658203 77.10828399658203
0.09985358711566618 42.23262023925781 93.60455322265625 48.0273323059082 89.71820831298828 74.72171020507812 74.72171020507812
0.10043923865300146 42.88780975341797 101.36060333251953 46.44178009033203 92.58032989501953 70.2060317993164 70.2060317993164
0.10102489019033675 44.48649597167969 95.00244903564453 44.958404541015625 101.49211120605469 74.23538970947266 74.23538970947266
0.10161054172767203 43.84628677368164 94.13348388671875 45.978187561035156 107.0577621459961 66.77412414550781 66.77412414550781
0.10219619326500733 41.444889068603516 89.19584655761719 50.3016357421875 82.43301391601562 75.23387145996094 75.23387145996094
0.1027818448023426 43.50696563720703 84.38788604736328 46.90713882446289 113.63929748535156 61.981903076171875 61.981903076171875
0.10336749633967789 44.33770751953125 85.92060852050781 44.22511672973633 105.31009674072266 72.39807891845703 72.39807891845703
0.10395314787701318 44.946956634521484 100.15772247314453 47.8100471496582 95.9892349243164 74.7920150756836 74.7920150756836
0.10453879941434846 44.207698822021484 102.36030578613281 48.13038635253906 95.11631774902344 76.63186645507812 76.63186645507812
0.10512445095168375 41.28117752075195 89.43383026123047 46.31810760498047 93.36468505859375 73.00196075439453 73.00196075439453
0.10571010248901903 43.17469787597656 91.60693359375 45.332489013671875 89.64350128173828 71.4933853149414 71.4933853149414
0.10629575402635431 44.98911666870117 95.52864837646484 47.1130485534668 100.21958923339844 72.61968231201172 72.61968231201172
0.10688140556368961 42.2824821472168 108.82147979736328 44.3690185546875 110.73796081542969 74.73532104492188 74.73532104492188
0.10746705710102489 44.40571975708008 102.47315979003906 48.12762451171875 94.97301483154297 75.21598815917969 75.21598815917969
0.10805270863836018 41.38233947753906 94.45635223388672 46.77873992919922 114.63716125488281 78.53079986572266 78.53079986572266
0.10863836017569546 42.112701416015625 99.90931701660156 44.88685989379883 91.71501922607422 73.24715423583984 73.24715423583984
0.10922401171303074 43.339595794677734 104.82677459716797 48.194026947021484 102.6285171508789 75.921630859375 75.921630859375
0.10980966325036604 43.61448287963867 90.46859741210938 45.64972686767578 97.35443115234375 74.6093521118164 74.6093521118164
0.11039531478770132 45.90692138671875 92.93370819091797 45.35939025878906 106.99398803710938 72.22562408447266 72.22562408447266
0.11098096632503661 42.40375900268555 100.5728530883789 49.02891540527344 108.08647918701172 71.58316802978516 71.58316802978516
0.11156661786237189 43.608734130859375 91.31088256835938 44.29459762573242 111.19770050048828 76.64305877685547 76.64305877685547
0.11215226939970717 40.23475646972656 91.73844909667969 44.592323303222656 121.7154541015625 74.90061950683594 74.90061950683594
0.11273792093704246 41.42837905883789 83.42750549316406 44.033241271972656 100.0928726196289 73.3530044555664 73.3530044555664
0.11332357247437774 44.14335632324219 93.27912139892578 44.612274169921875 101.61138153076172 76.79830932617188 76.79830932617188
0.11390922401171304 42.39283752441406 93.77940368652344 42.60730743408203 95.91087341308594 76.47746276855469 76.47746276855469
0.11449487554904832 41.98652648925781 100.30462646484375 45.94049072265625 108.82816314697266 69.94058990478516 69.94058990478516
0.1150805270863836 42.71426773071289 92.7154769897461 46.53928756713867 115.72541809082031 76.37088775634766 76.37088775634766
0.11566617862371889 42.087459564208984 86.00297546386719 46.35849380493164 106.33296203613281 76.42346954345703 76.42346954345703
0.11625183016105417 42.369747161865234 90.76253509521484 43.884910583496094 104.05487060546875 75.24459075927734 75.24459075927734
0.11683748169838946 43.88710403442383 99.81765747070312 43.259883880615234 96.6528549194336 78.00547790527344 78.00547790527344
0.11742313323572474 42.72597885131836 91.70355224609375 44.65383529663086 74.79639434814453 75.60323333740234 75.60323333740234
0.11800878477306002 42.77014923095703 90.53861236572266 45.439430236816406 109.93433380126953 73.28033447265625 73.28033447265625
0.11859443631039532 40.544681549072266 110.56057739257812 44.838401794433594 121.15089416503906 68.35279083251953 68.35279083251953
0.1191800878477306 43.61275100708008 91.12891387939453 40.83439636230469 119.3397216796875 72.47310638427734 72.47310638427734
0.11976573938506589 41.79021072387695 106.14446258544922 44.0486946105957 107.50543212890625 67.1662368774414 67.1662368774414
0.12035139092240117 43.15321731567383 94.66138458251953 43.164573669433594 109.16824340820312 68.0431900024414 68.0431900024414
0.12093704245973645 42.39872741699219 96.58454132080078 44.47895050048828 96.29110717773438 71.86807250976562 71.86807250976562
0.12152269399707175 43.41638946533203 95.68132781982422 46.10954666137695 110.58753204345703 65.93569946289062 65.93569946289062
0.12210834553440703 40.86402893066406 86.34369659423828 43.082305908203125 94.5309829711914 68.98217010498047 68.98217010498047
0.12269399707174232 43.00434875488281 83.24812316894531 44.916473388671875 104.03621673583984 73.3250503540039 73.3250503540039
0.1232796486090776 40.500465393066406 86.53921508789062 42.82497787475586 108.42684936523438 78.02355194091797 78.02355194091797
0.12386530014641288 40.89255142211914 102.15386199951172 41.58421325683594 106.66535949707031 72.90390014648438 72.90390014648438
0.12445095168374817 40.286781311035156 96.45509338378906 42.62504959106445 87.48303985595703 73.74047088623047 73.74047088623047
0.12503660322108345 41.386619567871094 97.37577819824219 44.217796325683594 99.26937866210938 77.1867446899414 77.1867446899414
0.12562225475841873 39.37532424926758 88.88742065429688 41.33800506591797 110.16853332519531 68.56753540039062 68.56753540039062
0.126207906295754 42.75275802612305 95.14218139648438 44.39577102661133 91.2121353149414 71.18120574951172 71.18120574951172
0.12679355783308932 41.33958053588867 89.64752197265625 43.69633865356445 103.7571792602539 70.11026763916016 70.11026763916016
0.1273792093704246 41.0744743347168 102.30205535888672 43.548423767089844 98.5363998413086 72.78467559814453 72.78467559814453
0.12796486090775988 41.31123352050781 102.00311279296875 41.92255783081055 110.26802825927734 74.3768081665039 74.3768081665039
0.12855051244509516 40.46296691894531 88.9500503540039 42.84598922729492 97.63970184326172 73.7787857055664 73.7787857055664
0.12913616398243044 39.974056243896484 91.42784881591797 40.732215881347656 93.92064666748047 73.6476058959961 73.6476058959961
0.12972181551976575 42.05265808105469 91.01809692382812 43.15367126464844 103.41203308105469 71.17595672607422 71.17595672607422
0.13030746705710103 42.19816970825195 102.50894927978516 42.993499755859375 89.85369873046875 73.89691162109375 73.89691162109375
0.1308931185944363 41.50336456298828 95.22010040283203 43.90547561645508 119.63512420654297 72.44157409667969 72.44157409667969
0.1314787701317716 39.75293731689453 95.77413177490234 41.26992416381836 103.0516128540039 73.44731140136719 73.44731140136719
0.13206442166910687 40.38454055786133 89.93095397949219 43.12057876586914 87.79301452636719 71.59923553466797 71.59923553466797
0.13265007320644218 40.48210525512695 97.06233978271484 43.294071197509766 113.11800384521484 74.62415313720703 74.62415313720703
0.13323572474377746 40.868953704833984 93.69166564941406 43.609920501708984 97.73698425292969 69.26820373535156 69.26820373535156
0.13382137628111274 39.06284713745117 83.72988891601562 44.23868179321289 99.0096435546875 77.903564453125 77.903564453125
0.13440702781844802 38.425743103027344 92.87510681152344 42.60622787475586 110.70552062988281 65.86278533935547 65.86278533935547
0.1349926793557833 40.31825256347656 92.74545288085938 42.210426330566406 108.44572448730469 68.67393493652344 68.67393493652344
0.1355783308931186 38.95893478393555 88.39146423339844 43.44282531738281 120.40771484375 67.62186431884766 67.62186431884766
0.13616398243045388 37.896392822265625 106.57332611083984 44.26579284667969 105.01199340820312 75.8118896484375 75.8118896484375
0.13674963396778916 39.790279388427734 79.92798614501953 42.887794494628906 103.08824157714844 67.86554718017578 67.86554718017578
0.13733528550512444 39.007511138916016 90.41048431396484 44.829010009765625 91.36971282958984 78.6185531616211 78.6185531616211
0.13792093704245972 38.85868453979492 77.71516418457031 43.31639099121094 101.84854888916016 71.08348846435547 71.08348846435547
0.13850658857979503 39.84196853637695 92.4261245727539 42.147178649902344 106.69856262207031 71.91560363769531 71.91560363769531
0.1390922401171303 39.15500259399414 103.92453002929688 44.08922576904297 95.33058166503906 78.29585266113281 78.29585266113281
0.1396778916544656 40.413761138916016 103.84684753417969 40.823551177978516 104.91159057617188 69.26789855957031 69.26789855957031
0.14026354319180087 38.681480407714844 87.4584732055664 43.14311599731445 109.79338073730469 70.6866226196289 70.6866226196289
0.14084919472913615 37.74357604980469 88.52152252197266 42.457035064697266 100.56456756591797 68.62603759765625 68.62603759765625
0.14143484626647146 41.8742561340332 92.27056884765625 42.423492431640625 98.66577911376953 70.39246368408203 70.39246368408203
0.14202049780380674 39.0296745300293 101.9561767578125 40.697147369384766 101.8772201538086 67.36783599853516 67.36783599853516
0.14260614934114202 41.4387092590332 97.60990142822266 40.95657730102539 102.77591705322266 70.20226287841797 70.20226287841797
0.1431918008784773 41.20783996582031 93.8833999633789 41.44706726074219 108.03306579589844 74.6946029663086 74.6946029663086
0.14377745241581258 37.463958740234375 90.56610870361328 41.30194854736328 87.17648315429688 67.13314056396484 67.13314056396484
0.1443631039531479 36.12033462524414 91.68025970458984 42.344573974609375 114.57427215576172 76.21554565429688 76.21554565429688
0.14494875549048317 38.84329605102539 88.30628967285156 44.217445373535156 95.89755249023438 74.88157653808594 74.88157653808594
0.14553440702781845 39.098609924316406 82.4255142211914 41.236297607421875 111.87486267089844 70.04439544677734 70.04439544677734
0.14612005856515373 38.18950271606445 101.34588623046875 41.60672378540039 109.49459838867188 74.56011199951172 74.56011199951172
0.146705710102489 39.84754180908203 105.83917999267578 40.711769104003906 103.21401977539062 71.03050994873047 71.03050994873047
0.14729136163982431 38.05099868774414 93.75484466552734 40.05662536621094 88.62874603271484 68.79090881347656 68.79090881347656
0.1478770131771596 38.73456573486328 103.5206069946289 41.23775863647461 98.39149475097656 69.05396270751953 69.05396270751953
0.14846266471449487 37.47764205932617 98.72386932373047 40.18751907348633 104.26725769042969 64.75679779052734 64.75679779052734
0.14904831625183015 38.87373733520508 82.69258117675781 39.7045783996582 88.09669494628906 72.48404693603516 72.48404693603516
0.14963396778916543 37.259727478027344 101.11882781982422 41.5936279296875 98.29502868652344 71.7978515625 71.7978515625
0.15021961932650074 37.38128662109375 96.74374389648438 38.364501953125 106.49347686767578 66.281005859375 66.281005859375
0.15080527086383602 37.025882720947266 85.7664794921875 38.66450500488281 91.64260864257812 74.41849517822266 74.41849517822266
0.1513909224011713 36.64883804321289 90.34614562988281 38.877769470214844 99.91618347167969 68.20291900634766 68.20291900634766
0.15197657393850658 36.48246383666992 97.46822357177734 38.56534957885742 92.7069091796875 73.25228881835938 73.25228881835938
0.15256222547584186 37.073673248291016 91.95816802978516 39.29804611206055 105.50125122070312 69.50806427001953 69.50806427001953
0.15314787701317717 38.00537872314453 100.41075897216797 38.90708923339844 96.88390350341797 66.61921691894531 66.61921691894531
0.15373352855051245 37.9195556640625 89.14195251464844 38.01845169067383 93.48614501953125 66.96007537841797 66.96007537841797
0.15431918008784773 37.4788818359375 90.54824829101562 39.42509460449219 101.1965560913086 68.14501190185547 68.14501190185547
0.154904831625183 36.518531799316406 82.92569732666016 37.75428009033203 96.00968933105469 72.00972747802734 72.00972747802734
0.1554904831625183 37.417259216308594 95.79586791992188 38.274879455566406 92.82302856445312 68.94129180908203 68.94129180908203
0.1560761346998536 40.339237213134766 81.7297134399414 38.7451057434082 95.71491241455078 71.83800506591797 71.83800506591797
0.15666178623718888 38.864471435546875 87.45397186279297 37.442020416259766 101.85755920410156 65.2601547241211 65.2601547241211
0.15724743777452416 35.59361267089844 77.85782623291016 38.88688278198242 97.60066986083984 70.38892364501953 70.38892364501953
0.15783308931185944 37.470298767089844 99.71299743652344 37.43335723876953 91.33509826660156 67.39540100097656 67.39540100097656
0.15841874084919472 35.75505828857422 92.70001220703125 40.45549774169922 81.99961853027344 72.25083923339844 72.25083923339844
0.15900439238653002 35.34069061279297 90.41604614257812 37.923770904541016 99.97069549560547 72.92195129394531 72.92195129394531
0.1595900439238653 35.838096618652344 90.54728698730469 37.44971466064453 84.76838684082031 64.76203155517578 64.76203155517578
0.16017569546120058 33.63727951049805 95.96134185791016 41.34141159057617 93.45328521728516 69.39723205566406 69.39723205566406
0.16076134699853586 36.951602935791016 86.8393325805664 39.98176574707031 97.32402038574219 65.22029113769531 65.22029113769531
0.16134699853587114 37.094032287597656 92.01730346679688 40.237510681152344 97.17129516601562 68.23596954345703 68.23596954345703
0.16193265007320645 33.991371154785156 87.15362548828125 37.3286018371582 104.27204132080078 65.7470932006836 65.7470932006836
0.16251830161054173 35.89834976196289 90.3263931274414 40.562705993652344 97.0590591430664 67.62540435791016 67.62540435791016
0.163103953147877 34.712955474853516 85.07889556884766 38.082801818847656 98.14300537109375 72.30386352539062 72.30386352539062
0.1636896046852123 36.99162673950195 91.0511703491211 37.9531135559082 96.46941375732422 66.3912582397461 66.3912582397461
0.16427525622254757 35.30940628051758 87.41282653808594 37.987586975097656 105.34068298339844 66.46953582763672 66.46953582763672
0.16486090775988288 35.860530853271484 92.30748748779297 39.9289436340332 88.77742004394531 69.44497680664062 69.44497680664062
0.16544655929721816 34.80039596557617 93.06674194335938 38.58736801147461 96.80126953125 70.43863677978516 70.43863677978516
0.16603221083455344 35.28948211669922 84.44953918457031 37.704715728759766 100.34591674804688 64.29041290283203 64.29041290283203
0.16661786237188872 35.98549270629883 91.2230453491211 36.02284622192383 101.9714126586914 66.4050521850586 66.4050521850586
0.167203513909224 36.918304443359375 82.82090759277344 36.20135498046875 106.0146484375 68.10679626464844 68.10679626464844
0.1677891654465593 34.73569107055664 95.64697265625 37.32499694824219 94.28601837158203 66.75686645507812 66.75686645507812
0.1683748169838946 35.03182601928711 91.4727554321289 38.374549865722656 88.64165496826172 61.29707336425781 61.29707336425781
0.16896046852122987 34.37737274169922 97.30907440185547 36.80095672607422 91.97026824951172 65.90501403808594 65.90501403808594
0.16954612005856515 34.699832916259766 86.50889587402344 37.991458892822266 92.36006164550781 63.90414047241211 63.90414047241211
0.17013177159590043 32.158714294433594 92.07205200195312 36.804805755615234 93.04631805419922 61.147911071777344 61.147911071777344
0.17071742313323574 32.59491729736328 85.34662628173828 35.20287322998047 91.54241943359375 61.19569396972656 61.19569396972656
0.17130307467057102 35.448143005371094 81.03325653076172 35.39873504638672 97.9024658203125 63.89875793457031 63.89875793457031
0.1718887262079063 33.0269775390625 83.05643463134766 37.32703399658203 100.31114959716797 60.760093688964844 60.760093688964844
0.17247437774524157 33.067420959472656 77.16710662841797 36.87814712524414 99.9441146850586 65.73042297363281 65.73042297363281
0.17306002928257685 34.01861572265625 76.78903198242188 37.149444580078125 106.68714141845703 63.87882614135742 63.87882614135742
0.17364568081991216 33.237632751464844 87.26202392578125 37.13703155517578 93.34921264648438 62.17418670654297 62.17418670654297
0.17423133235724744 33.47553253173828 98.4813232421875 37.75693130493164 83.65914916992188 69.18717193603516 69.18717193603516
0.17481698389458272 34.38386917114258 95.73883056640625 36.44883728027344 100.2550277709961 62.11800003051758 62.11800003051758
0.175402635431918 32.51894760131836 86.56287384033203 36.82322692871094 104.76468658447266 68.68436431884766 68.68436431884766
0.17598828696925328 32.66740417480469 94.66635131835938 36.02513122558594 100.47193145751953 58.862525939941406 58.862525939941406
0.1765739385065886 32.69806671142578 84.45028686523438 35.68119430541992 96.07475280761719 66.36952209472656 66.36952209472656
0.17715959004392387 34.09376907348633 83.02877044677734 34.24220657348633 106.5273666381836 64.08753204345703 64.08753204345703
0.17774524158125915 31.29074478149414 78.26927947998047 34.99040222167969 92.08343505859375 70.62358093261719 70.62358093261719
0.17833089311859443 33.03680419921875 85.86144256591797 34.01193618774414 95.1552505493164 61.35566329956055 61.35566329956055
0.1789165446559297 32.81576919555664 92.42080688476562 34.950538635253906 90.40739440917969 61.79890823364258 61.79890823364258
0.17950219619326502 32.616455078125 89.6335220336914 34.47407150268555 92.89099884033203 58.672122955322266 58.672122955322266
0.1800878477306003 33.0672607421875 85.25252532958984 34.85159683227539 82.92053985595703 62.89200210571289 62.89200210571289
0.18067349926793558 32.059749603271484 92.7587890625 35.25485610961914 86.93606567382812 58.39105224609375 58.39105224609375
0.18125915080527086 30.487274169921875 86.35208892822266 34.58949279785156 89.77922058105469 67.12472534179688 67.12472534179688
0.18184480234260614 32.06599426269531 85.5816421508789 34.2811164855957 105.91287994384766 58.86061477661133 58.86061477661133
0.18243045387994145 31.422983169555664 82.88458251953125 35.825523376464844 91.71742248535156 62.46088409423828 62.46088409423828
0.18301610541727673 33.26033401489258 68.97241973876953 34.553810119628906 93.8103256225586 59.850379943847656 59.850379943847656
0.183601756954612 30.958820343017578 79.21464538574219 34.395782470703125 84.5892333984375 63.612403869628906 63.612403869628906
0.18418740849194729 31.45801544189453 77.07649993896484 34.04377365112305 90.68048095703125 58.97846221923828 58.97846221923828
0.18477306002928257 32.74394226074219 77.43368530273438 33.12495803833008 85.73011016845703 65.98773193359375 65.98773193359375
0.18535871156661787 30.397783279418945 87.29611206054688 33.88624954223633 94.76932525634766 64.20577239990234 64.20577239990234
0.18594436310395315 30.655675888061523 80.40779876708984 34.1075325012207 93.48098754882812 63.03925323486328 63.03925323486328
0.18653001464128843 31.122995376586914 81.50423431396484 34.25577163696289 77.26952362060547 63.136138916015625 63.136138916015625
0.1871156661786237 31.780048370361328 88.11259460449219 32.869361877441406 93.94668579101562 61.89535140991211 61.89535140991211
0.187701317715959 30.017358779907227 80.17279052734375 35.75166320800781 98.06487274169922 57.62236785888672 57.62236785888672
0.1882869692532943 29.577842712402344 78.46951293945312 34.07907485961914 90.3185043334961 58.94615173339844 58.94615173339844
0.18887262079062958 29.05697250366211 82.55474853515625 32.917598724365234 89.27978515625 60.66559982299805 60.66559982299805
0.18945827232796486 31.50605010986328 69.40852355957031 33.57997512817383 88.00650024414062 55.82280731201172 55.82280731201172
0.19004392386530014 31.873376846313477 72.50255584716797 32.71239471435547 94.96161651611328 54.34666061401367 54.34666061401367
0.19062957540263542 31.00155258178711 74.4399185180664 32.40410614013672 105.44598388671875 61.54557418823242 61.54557418823242
0.19121522693997073 31.55251693725586 76.71986389160156 32.74675369262695 69.2765121459961 56.598426818847656 56.598426818847656
0.191800878477306 30.33184814453125 78.99763488769531 33.25666427612305 94.64437103271484 61.49707794189453 61.49707794189453
0.1923865300146413 31.27660369873047 72.3681411743164 32.482086181640625 81.998291015625 57.50773239135742 57.50773239135742
0.19297218155197657 28.29836082458496 79.9694595336914 32.40727996826172 88.67021179199219 58.20852279663086 58.20852279663086
0.19355783308931185 29.190820693969727 75.52012634277344 31.785137176513672 87.61322784423828 55.44438552856445 55.44438552856445
0.19414348462664716 31.471759796142578 74.40010070800781 31.03725814819336 85.81446838378906 55.464786529541016 55.464786529541016
0.19472913616398244 28.65338134765625 67.87979888916016 32.762046813964844 84.72496032714844 62.50501251220703 62.50501251220703
0.19531478770131772 27.097414016723633 73.93558502197266 31.25647735595703 100.10736846923828 55.1103630065918 55.1103630065918
0.195900439238653 29.90621566772461 86.35614776611328 31.28152084350586 88.01114654541016 57.992225646972656 57.992225646972656
0.19648609077598828 29.257795333862305 72.4376449584961 31.77083969116211 106.95234680175781 59.146156311035156 59.146156311035156
0.19707174231332358 29.843673706054688 69.69882202148438 30.621597290039062 75.58898162841797 55.37893295288086 55.37893295288086
0.19765739385065886 30.87575912475586 69.86734771728516 31.967792510986328 80.58548736572266 54.28090286254883 54.28090286254883
0.19824304538799414 27.692161560058594 79.35315704345703 31.27421760559082 84.42950439453125 62.06503677368164 62.06503677368164
0.19882869692532942 29.200883865356445 76.20069122314453 30.85252571105957 91.71575927734375 55.57593536376953 55.57593536376953
0.1994143484626647 28.508956909179688 74.10639190673828 33.12776565551758 75.32527160644531 60.549434661865234 60.549434661865234
0.2 28.487550735473633 84.39787292480469 30.880386352539062 80.52111053466797 53.30430603027344 53.30430603027344
0.2005856515373353 27.799795150756836 85.19776916503906 30.194387435913086 92.45573425292969 55.38762283325195 55.38762283325195
0.20117130307467057 29.481220245361328 70.34519958496094 31.069604873657227 88.98173522949219 57.263118743896484 57.263118743896484
0.20175695461200585 27.703210830688477 70.77106475830078 31.038053512573242 86.44849395751953 58.04582595825195 58.04582595825195
0.20234260614934113 28.01927375793457 80.39604187011719 31.49376678466797 85.5618667602539 57.71587371826172 57.71587371826172
0.20292825768667644 29.843366622924805 73.5616226196289 28.956735610961914 96.54188537597656 52.81428909301758 52.81428909301758
0.20351390922401172 27.499990463256836 68.5444107055664 29.435546875 76.73161315917969 53.43962097167969 53.43962097167969
0.204099560761347 28.548202514648438 78.91416931152344 30.63054656982422 82.26515197753906 54.947425842285156 54.947425842285156
0.20468521229868228 27.88541603088379 65.50484466552734 30.3782901763916 85.82077026367188 55.58668899536133 55.58668899536133
0.20527086383601756 28.30251693725586 72.5595703125 28.453704833984375 79.89524841308594 53.44355010986328 53.44355010986328
0.20585651537335287 26.93868064880371 71.85091400146484 30.744983673095703 82.4487075805664 53.555973052978516 53.555973052978516
0.20644216691068815 27.988819122314453 78.15116882324219 31.771883010864258 68.83172607421875 56.44375991821289 56.44375991821289
0.20702781844802343 27.274375915527344 72.41786193847656 28.91027069091797 80.56511688232422 52.03706741333008 52.03706741333008
0.2076134699853587 26.57598304748535 76.00091552734375 30.965429306030273 78.79405975341797 48.02864074707031 48.02864074707031
0.208199121522694 26.60251808166504 73.04377746582031 28.658714294433594 82.69214630126953 53.2857551574707 53.2857551574707
0.2087847730600293 26.48397445678711 69.03112030029297 29.175893783569336 83.37513732910156 53.01410675048828 53.01410675048828
0.20937042459736457 27.637975692749023 76.93690490722656 29.047534942626953 74.13217163085938 50.136131286621094 50.136131286621094
0.20995607613469985 26.49384117126465 78.40640258789062 27.85126495361328 76.96272277832031 55.74647521972656 55.74647521972656
0.21054172767203513 26.88409423828125 68.21452331542969 28.740345001220703 81.01861572265625 48.967926025390625 48.967926025390625
0.2111273792093704 27.705623626708984 70.04252624511719 29.466903686523438 93.78329467773438 49.8453483581543 49.8453483581543
0.21171303074670572 25.00956916809082 68.53858947753906 27.431617736816406 80.31932830810547 55.002140045166016 55.002140045166016
0.212298682284041 26.419260025024414 76.8667221069336 28.968427658081055 81.62435150146484 50.7530632019043 50.7530632019043
0.21288433382137628 27.70343780517578 73.75833129882812 27.755821228027344 88.21800231933594 54.216270446777344 54.216270446777344
0.21346998535871156 25.812158584594727 75.11579895019531 28.930944442749023 75.66818237304688 49.49791717529297 49.49791717529297
0.21405563689604684 25.66023063659668 62.579681396484375 27.480316162109375 80.80589294433594 49.9986457824707 49.9986457824707
0.21464128843338215 26.027807235717773 64.43722534179688 27.44867515563965 77.98918151855469 53.70893859863281 53.70893859863281
0.21522693997071743 27.65813446044922 84.18464660644531 28.061819076538086 79.4737777709961 52.180213928222656 52.180213928222656
0.2158125915080527 25.971261978149414 71.97225189208984 26.69627571105957 67.30638885498047 49.21147537231445 49.21147537231445
0.216398243045388 26.246871948242188 70.74932098388672 29.83016586303711 80.42703247070312 48.43962860107422 48.43962860107422
0.21698389458272327 25.225921630859375 73.4050521850586 29.696348190307617 79.85124969482422 52.947105407714844 52.947105407714844
0.21756954612005858 25.663204193115234 69.6280288696289 27.58967399597168 78.5109634399414 48.66805648803711 48.66805648803711
0.21815519765739386 25.706388473510742 68.48377227783203 27.89166831970215 78.11199188232422 51.648895263671875 51.648895263671875
0.21874084919472914 26.105043411254883 84.26594543457031 25.915258407592773 80.61394500732422 49.53068923950195 49.53068923950195
0.21932650073206442 24.539548873901367 69.49907684326172 27.662809371948242 91.85640716552734 50.19240188598633 50.19240188598633
0.2199121522693997 25.185903549194336 71.04663848876953 25.067235946655273 74.64784240722656 49.01638412475586 49.01638412475586
0.220497803806735 24.172758102416992 67.04261016845703 25.879518508911133 77.746337890625 46.82362365722656 46.82362365722656
0.22108345534407028 24.161203384399414 67.47809600830078 27.099546432495117 79.30455780029297 47.19063186645508 47.19063186645508
0.22166910688140556 23.90985870361328 63.074562072753906 26.386821746826172 70.40481567382812 52.31364059448242 52.31364059448242
0.22225475841874084 25.10272216796875 67.4068603515625 27.258581161499023 81.59466552734375 50.002681732177734 50.002681732177734
0.22284040995607612 24.99247169494629 62.873626708984375 26.154687881469727 67.39311218261719 48.345298767089844 48.345298767089844
0.22342606149341143 24.2601318359375 64.16162872314453 25.675371170043945 78.56912994384766 51.28651428222656 51.28651428222656
0.2240117130307467 25.07032585144043 67.24983215332031 25.555675506591797 68.38176727294922 47.1993522644043 47.1993522644043
0.224597364568082 24.014827728271484 65.86383056640625 25.51176643371582 69.02167510986328 51.57082748413086 51.57082748413086
0.22518301610541727 24.539424896240234 73.43961334228516 24.753820419311523 78.91514587402344 45.9278678894043 45.9278678894043
0.22576866764275255 23.3609561920166 57.304725646972656 25.36511993408203 66.87940979003906 48.654170989990234 48.654170989990234
0.22635431918008786 23.09257698059082 64.7058334350586 25.645217895507812 66.35769653320312 44.11789321899414 44.11789321899414
0.22693997071742314 25.858001708984375 67.7511978149414 25.834915161132812 71.48292541503906 49.18037796020508 49.18037796020508
0.22752562225475842 23.22486686706543 63.88861846923828 25.519407272338867 66.13412475585938 48.49946975708008 48.49946975708008
0.2281112737920937 24.038204193115234 55.573551177978516 25.504310607910156 74.18184661865234 47.07469940185547 47.07469940185547
0.22869692532942898 24.35562515258789 55.76222610473633 25.73657989501953 65.27099609375 45.51797103881836 45.51797103881836
0.2292825768667643 22.095314025878906 75.16465759277344 24.952356338500977 78.53619384765625 46.700523376464844 46.700523376464844
0.22986822840409957 22.655431747436523 64.68511199951172 23.882749557495117 71.17323303222656 48.031463623046875 48.031463623046875
0.23045387994143485 21.386194229125977 62.450008392333984 23.914207458496094 61.07601547241211 43.889705657958984 43.889705657958984
0.23103953147877013 24.01918601989746 59.07754135131836 24.495662689208984 81.32588195800781 47.28778076171875 47.28778076171875
0.2316251830161054 24.14556121826172 61.69776153564453 26.367599487304688 70.58334350585938 46.473201751708984 46.473201751708984
0.23221083455344071 23.436973571777344 64.52481079101562 23.553537368774414 65.88597869873047 51.005916595458984 51.005916595458984
0.232796486090776 22.30824089050293 65.9600830078125 23.315048217773438 69.14312744140625 44.31053161621094 44.31053161621094
0.23338213762811127 21.905757904052734 53.4819221496582 25.35167121887207 66.92448425292969 46.74938201904297 46.74938201904297
0.23396778916544655 22.975431442260742 64.40583801269531 22.477371215820312 74.1681137084961 46.80107498168945 46.80107498168945
0.23455344070278183 22.026416778564453 61.76081466674805 25.28119659423828 63.743709564208984 44.561492919921875 44.561492919921875
0.23513909224011714 23.13262176513672 61.98915481567383 24.18474769592285 74.29241180419922 45.63473892211914 45.63473892211914
0.23572474377745242 22.453580856323242 48.20736312866211 24.002443313598633 71.99356079101562 45.006134033203125 45.006134033203125
0.2363103953147877 22.37824249267578 61.47157669067383 24.701847076416016 61.41923522949219 46.98168182373047 46.98168182373047
0.23689604685212298 21.547876358032227 49.03309631347656 24.364051818847656 73.08161163330078 42.110225677490234 42.110225677490234
0.23748169838945826 21.540878295898438 58.71367263793945 24.851770401000977 78.5071029663086 44.85764694213867 44.85764694213867
0.23806734992679357 22.638896942138672 62.41722106933594 23.902618408203125 71.0351333618164 44.158626556396484 44.158626556396484
0.23865300146412885 21.505245208740234 51.73880386352539 24.894136428833008 64.48381805419922 43.402427673339844 43.402427673339844
0.23923865300146413 22.536151885986328 63.22049331665039 23.681047439575195 66.39628601074219 43.23698043823242 43.23698043823242
0.2398243045387994 21.63593101501465 58.502037048339844 23.838794708251953 73.94949340820312 43.278995513916016 43.278995513916016
0.2404099560761347 20.43010139465332 61.27050018310547 23.938417434692383 66.76787567138672 43.93156051635742 43.93156051635742
0.24099560761347 21.765209197998047 45.57666015625 22.38447380065918 68.78107452392578 42.355064392089844 42.355064392089844
0.24158125915080528 21.458648681640625 57.9911003112793 22.72503089904785 54.54558181762695 42.644996643066406 42.644996643066406
0.24216691068814056 21.447086334228516 54.32579803466797 22.965808868408203 58.80668640136719 40.976566314697266 40.976566314697266
0.24275256222547584 20.544069290161133 58.118438720703125 24.172746658325195 59.70452117919922 46.09584045410156 46.09584045410156
0.24333821376281112 21.17485237121582 53.287166595458984 22.600845336914062 65.03059387207031 42.26982116699219 42.26982116699219
0.24392386530014643 20.762239456176758 55.05810546875 23.04538917541504 56.93609619140625 40.850860595703125 40.850860595703125
0.2445095168374817 21.85333824157715 59.60663986206055 21.932849884033203 66.95572662353516 43.78529357910156 43.78529357910156
0.24509516837481699 20.594085693359375 65.48487854003906 21.342430114746094 61.15406799316406 43.66393280029297 43.66393280029297
0.24568081991215227 20.101253509521484 60.634620666503906 21.67086410522461 54.65032958984375 39.719058990478516 39.719058990478516
0.24626647144948755 20.53764533996582 58.606510162353516 21.2563533782959 71.33325958251953 42.18198013305664 42.18198013305664
0.24685212298682285 21.83536148071289 52.7041130065918 22.96560287475586 67.49385070800781 41.57109451293945 41.57109451293945
0.24743777452415813 19.548871994018555 50.93222427368164 22.720600128173828 57.83639907836914 39.7460823059082 39.7460823059082
0.2480234260614934 21.199499130249023 58.50912094116211 22.336626052856445 59.03944778442383 41.25783157348633 41.25783157348633
0.2486090775988287 21.025896072387695 54.997398376464844 21.554662704467773 71.50601959228516 43.13933563232422 43.13933563232422
0.24919472913616397 20.101938247680664 57.023521423339844 21.461427688598633 60.36372756958008 40.42788314819336 40.42788314819336
0.24978038067349928 19.654396057128906 53.27656555175781 22.450071334838867 61.00474548339844 42.74825668334961 42.74825668334961
0.25036603221083453 20.89701271057129 60.49406433105469 22.212726593017578 56.63750076293945 40.70088195800781 40.70088195800781
0.25095168374816984 20.41713523864746 53.41286849975586 19.75786018371582 63.10668182373047 39.462772369384766 39.462772369384766
0.25153733528550515 18.571739196777344 51.81648635864258 21.00587272644043 53.466556549072266 40.27083969116211 40.27083969116211
0.2521229868228404 20.1348934173584 56.088844299316406 20.162372589111328 60.696414947509766 38.619590759277344 38.619590759277344
0.2527086383601757 19.67327117919922 58.83306121826172 21.132558822631836 58.45520782470703 39.955894470214844 39.955894470214844
0.25329428989751096 19.312807083129883 53.23080825805664 21.465797424316406 55.220706939697266 39.5994873046875 39.5994873046875
0.25387994143484627 20.672422409057617 58.96104049682617 20.9774112701416 60.34117889404297 38.73713684082031 38.73713684082031
0.2544655929721816 20.605173110961914 59.08842086791992 20.25796890258789 69.42333984375 34.6531867980957 34.6531867980957
0.25505124450951683 19.855253219604492 48.03514099121094 20.523618698120117 61.45473861694336 40.53661346435547 40.53661346435547
0.25563689604685214 19.765586853027344 50.367279052734375 20.4563045501709 61.57686233520508 36.89965057373047 36.89965057373047
0.2562225475841874 19.249866485595703 49.4621696472168 19.87811279296875 55.617984771728516 40.18451690673828 40.18451690673828
0.2568081991215227 19.034332275390625 47.99711990356445 20.578168869018555 56.649658203125 38.02979278564453 38.02979278564453
0.257393850658858 19.164602279663086 49.17240524291992 20.345354080200195 61.76249313354492 38.75186538696289 38.75186538696289
0.25797950219619326 19.089717864990234 50.00571823120117 21.185314178466797 64.43869018554688 38.989166259765625 38.989166259765625
0.25856515373352856 19.455284118652344 50.63685989379883 19.803804397583008 58.58009338378906 36.883094787597656 36.883094787597656
0.2591508052708638 17.186464309692383 59.762672424316406 19.86384391784668 53.244686126708984 37.829097747802734 37.829097747802734
0.2597364568081991 18.882108688354492 53.53458786010742 19.894685745239258 55.99549102783203 38.41326141357422 38.41326141357422
0.26032210834553443 18.65239715576172 54.931514739990234 18.419599533081055 56.17141342163086 39.6351432800293 39.6351432800293
0.2609077598828697 18.05327033996582 53.14596939086914 20.26497459411621 59.174896240234375 36.8498420715332 36.8498420715332
0.261493411420205 18.62114143371582 49.960880279541016 18.990053176879883 68.14554595947266 37.544586181640625 37.544586181640625
0.26207906295754024 18.802486419677734 51.90243148803711 19.64535903930664 54.310455322265625 37.01850891113281 37.01850891113281
0.26266471449487555 18.726993560791016 48.90807342529297 19.128372192382812 59.68606185913086 36.96015167236328 36.96015167236328
0.26325036603221086 18.892391204833984 59.59165954589844 20.6264705657959 60.27214431762695 36.17121505737305 36.17121505737305
0.2638360175695461 17.646631240844727 47.34663772583008 18.561481475830078 63.283241271972656 33.876319885253906 33.876319885253906
0.2644216691068814 17.811338424682617 48.88011169433594 18.949527740478516 62.68170166015625 37.46981430053711 37.46981430053711
0.26500732064421667 18.80613899230957 41.750667572021484 18.950912475585938 56.1331787109375 38.14100646972656 38.14100646972656
0.265592972181552 18.240999221801758 51.148128509521484 19.288471221923828 59.38579559326172 37.48145294189453 37.48145294189453
0.2661786237188873 17.893657684326172 49.423160552978516 19.754697799682617 49.8481330871582 34.837684631347656 34.837684631347656
0.26676427525622254 17.826913833618164 46.3234748840332 19.99643325805664 60.40922546386719 32.92936325073242 32.92936325073242
0.26734992679355785 17.085506439208984 47.99094772338867 19.118816375732422 49.60978698730469 35.38264846801758 35.38264846801758
0.2679355783308931 17.23271369934082 43.589359283447266 18.180036544799805 55.97481155395508 32.38471221923828 32.38471221923828
0.2685212298682284 17.3790283203125 51.43307876586914 17.65041160583496 48.7846565246582 34.503623962402344 34.503623962402344
0.2691068814055637 17.135173797607422 48.73098373413086 18.513057708740234 52.198509216308594 35.589698791503906 35.589698791503906
0.26969253294289897 17.310054779052734 48.384803771972656 18.164772033691406 51.514408111572266 38.22019577026367 38.22019577026367
0.2702781844802343 17.78497886657715 48.976627349853516 18.19045066833496 62.25941467285156 36.50826644897461 36.50826644897461
0.2708638360175695 16.476322174072266 47.546077728271484 18.48816680908203 50.97636032104492 34.8244514465332 34.8244514465332
0.27144948755490483 17.322805404663086 49.43583679199219 19.061504364013672 54.28101348876953 33.1987190246582 33.1987190246582
0.27203513909224014 16.96699333190918 49.193641662597656 18.902639389038086 59.14380645751953 36.06253433227539 36.06253433227539
0.2726207906295754 17.01495361328125 42.13517761230469 18.135400772094727 54.49494552612305 31.920930862426758 31.920930862426758
0.2732064421669107 16.362390518188477 46.21282958984375 17.7806396484375 56.342411041259766 33.88975524902344 33.88975524902344
0.27379209370424595 15.702051162719727 49.49198913574219 18.953248977661133 58.59421920776367 36.55313491821289 36.55313491821289
0.27437774524158126 16.938583374023438 43.81970977783203 17.407089233398438 56.59151077270508 33.65431213378906 33.65431213378906
0.27496339677891657 17.13644790649414 46.3710823059082 17.75187873840332 48.886985778808594 32.79057312011719 32.79057312011719
0.2755490483162518 16.37163543701172 37.3651008605957 18.134370803833008 51.085166931152344 35.79594039916992 35.79594039916992
0.27613469985358713 17.01625633239746 41.80270004272461 16.810585021972656 48.48005294799805 34.672054290771484 34.672054290771484
0.2767203513909224 16.908550262451172 43.57772445678711 16.930355072021484 52.01325607299805 35.333152770996094 35.333152770996094
0.2773060029282577 15.690802574157715 46.57379913330078 17.029035568237305 50.27457046508789 30.437395095825195 30.437395095825195
0.277891654465593 16.207958221435547 42.37900161743164 15.66755199432373 54.8805046081543 32.8473014831543 32.8473014831543
0.27847730600292825 16.182451248168945 41.92076873779297 16.69872283935547 48.50894546508789 34.43928527832031 34.43928527832031
0.27906295754026356 15.727471351623535 46.0064811706543 16.60677146911621 53.4852294921875 30.379539489746094 30.379539489746094
0.2796486090775988 15.26072883605957 38.27598571777344 16.89278793334961 57.69794845581055 33.05015182495117 33.05015182495117
0.2802342606149341 16.590564727783203 43.341644287109375 15.766759872436523 49.58006286621094 31.38152313232422 31.38152313232422
0.2808199121522694 14.851760864257812 44.134559631347656 16.206132888793945 51.884944915771484 32.64738082885742 32.64738082885742
0.2814055636896047 16.879186630249023 46.880130767822266 17.373811721801758 50.499534606933594 31.051837921142578 31.051837921142578
0.28199121522694 15.717742919921875 38.85061264038086 17.59316062927246 53.252742767333984 33.643611907958984 33.643611907958984
0.28257686676427524 15.589892387390137 49.44830322265625 16.836862564086914 53.588993072509766 30.414033889770508 30.414033889770508
0.28316251830161054 15.359254837036133 44.12125015258789 16.688419342041016 51.09103012084961 31.74124526977539 31.74124526977539
0.28374816983894585 14.906631469726562 36.9595832824707 15.802633285522461 45.2114372253418 32.13066101074219 32.13066101074219
0.2843338213762811 15.228214263916016 37.150245666503906 16.765504837036133 52.83932876586914 30.663475036621094 30.663475036621094
0.2849194729136164 16.34795570373535 44.92457962036133 15.943864822387695 50.71273422241211 28.894468307495117 28.894468307495117
0.28550512445095166 15.438507080078125 40.16368103027344 15.693572044372559 53.61850357055664 30.671884536743164 30.671884536743164
0.28609077598828697 15.724372863769531 40.0262565612793 15.98323917388916 50.94426727294922 31.60772705078125 31.60772705078125
0.2866764275256223 14.726195335388184 38.281551361083984 16.3228702545166 52.808650970458984 31.901315689086914 31.901315689086914
0.28726207906295753 14.622416496276855 42.25028610229492 16.443477630615234 51.33268737792969 31.237035751342773 31.237035751342773
0.28784773060029284 15.996699333190918 41.20000457763672 16.26673698425293 46.80110168457031 32.015167236328125 32.015167236328125
0.2884333821376281 14.24251937866211 42.502830505371094 16.097824096679688 53.02787399291992 30.200042724609375 30.200042724609375
0.2890190336749634 14.662040710449219 41.18555450439453 14.789251327514648 47.789398193359375 27.637836456298828 27.637836456298828
0.2896046852122987 14.683646202087402 37.2038688659668 15.664871215820312 44.868690490722656 30.2263126373291 30.2263126373291
0.29019033674963396 13.662318229675293 46.131752014160156 14.936290740966797 44.8756217956543 28.200496673583984 28.200496673583984
0.29077598828696927 14.341275215148926 41.57643127441406 16.37442970275879 40.660396575927734 31.033475875854492 31.033475875854492
0.2913616398243045 14.719377517700195 35.72051239013672 16.33622932434082 48.03644943237305 30.605968475341797 30.605968475341797
0.2919472913616398 14.37074089050293 36.43531036376953 16.5821533203125 46.641441345214844 30.53266143798828 30.53266143798828
0.29253294289897513 13.732146263122559 39.753990173339844 15.20195198059082 38.176944732666016 27.271102905273438 27.271102905273438
0.2931185944363104 14.471835136413574 35.81114196777344 14.783468246459961 44.6847038269043 30.386322021484375 30.386322021484375
0.2937042459736457 13.897466659545898 37.762489318847656 14.997088432312012 46.04314041137695 30.85468864440918 30.85468864440918
0.29428989751098095 14.3176908493042 37.980892181396484 14.43360710144043 51.46385955810547 30.1450252532959 30.1450252532959
0.29487554904831625 13.803515434265137 37.77095413208008 14.867069244384766 43.8851318359375 30.229036331176758 30.229036331176758
0.29546120058565156 14.285112380981445 33.34105682373047 14.724172592163086 51.223472595214844 30.02969741821289 30.02969741821289
0.2960468521229868 14.48719596862793 37.812774658203125 14.614727973937988 39.999671936035156 30.117507934570312 30.117507934570312
0.2966325036603221 14.108271598815918 38.545806884765625 15.32686996459961 41.23760223388672 29.656944274902344 29.656944274902344
0.2972181551976574 13.984382629394531 36.287384033203125 14.429462432861328 37.75102233886719 27.282520294189453 27.282520294189453
0.2978038067349927 13.294745445251465 39.28573989868164 13.760197639465332 41.96155548095703 26.49854850769043 26.49854850769043
0.298389458272328 13.383164405822754 36.78068161010742 13.876925468444824 48.10976028442383 28.41047477722168 28.41047477722168
0.29897510980966324 14.113679885864258 33.93811798095703 13.961953163146973 41.842166900634766 27.873680114746094 27.873680114746094
0.29956076134699855 14.250861167907715 33.440345764160156 14.541543006896973 40.931922912597656 27.408838272094727 27.408838272094727
0.3001464128843338 13.179905891418457 36.75244903564453 14.284744262695312 42.30885696411133 27.39004898071289 27.39004898071289
0.3007320644216691 14.314096450805664 39.999691009521484 14.909281730651855 37.7311897277832 26.97844886779785 26.97844886779785
0.3013177159590044 12.609759330749512 37.656429290771484 15.48238468170166 42.84666061401367 27.963848114013672 27.963848114013672
0.30190336749633967 12.864364624023438 37.275753021240234 14.141999244689941 39.16961669921875 29.52794075012207 29.52794075012207
0.302489019033675 13.175153732299805 35.34453201293945 14.57070255279541 43.7274169921875 27.233078002929688 27.233078002929688
0.30307467057101023 13.247567176818848 36.406097412109375 13.292522430419922 47.91054916381836 26.989788055419922 26.989788055419922
0.30366032210834554 13.82866096496582 37.518592834472656 14.708178520202637 40.296546936035156 27.6968936920166 27.6968936920166
0.30424597364568085 14.838833808898926 37.461524963378906 14.596659660339355 42.83774185180664 27.327064514160156 27.327064514160156
0.3048316251830161 12.752918243408203 37.99169158935547 15.187748908996582 45.81700897216797 26.217275619506836 26.217275619506836
0.3054172767203514 13.497430801391602 34.94240188598633 13.79253101348877 42.93505096435547 25.9781436920166 25.9781436920166
0.30600292825768666 12.876585960388184 28.533525466918945 13.654991149902344 40.10506820678711 26.153423309326172 26.153423309326172
0.30658857979502196 12.297074317932129 37.57271194458008 13.71587085723877 39.94007110595703 26.700254440307617 26.700254440307617
0.3071742313323573 12.720458984375 33.524513244628906 13.265266418457031 37.4294548034668 24.530744552612305 24.530744552612305
0.3077598828696925 12.64419174194336 34.73967742919922 12.827350616455078 35.42389678955078 23.82359504699707 23.82359504699707
0.30834553440702783 13.298483848571777 35.377933502197266 12.134501457214355 43.17542266845703 23.410903930664062 23.410903930664062
0.3089311859443631 12.533769607543945 34.22628402709961 13.626630783081055 41.9482307434082 24.33533477783203 24.33533477783203
0.3095168374816984 12.924619674682617 38.29723358154297 13.274486541748047 38.601253509521484 26.751873016357422 26.751873016357422
0.3101024890190337 12.474519729614258 31.56598663330078 12.83984661102295 43.23094177246094 26.722736358642578 26.722736358642578
0.31068814055636895 12.162602424621582 30.12852668762207 12.097394943237305 39.49829864501953 25.566299438476562 25.566299438476562
0.31127379209370426 11.889606475830078 35.987327575683594 13.578628540039062 36.01896667480469 24.621347427368164 24.621347427368164
0.3118594436310395 12.099929809570312 33.0969352722168 13.869317054748535 41.25113296508789 24.491607666015625 24.491607666015625
0.3124450951683748 11.975289344787598 29.030691146850586 12.96945858001709 45.61119079589844 24.70146369934082 24.70146369934082
0.31303074670571013 12.3818941116333 29.085250854492188 12.804290771484375 38.01618576049805 26.192546844482422 26.192546844482422
0.3136163982430454 11.752884864807129 30.4390869140625 12.309102058410645 43.0732307434082 25.852027893066406 25.852027893066406
0.3142020497803807 12.636228561401367 29.77776336669922 12.458910942077637 35.69908142089844 24.144824981689453 24.144824981689453
0.31478770131771594 11.47171688079834 28.441970825195312 12.863930702209473 39.56035232543945 24.520402908325195 24.520402908325195
0.31537335285505125 12.655656814575195 31.528526306152344 12.537933349609375 38.84538650512695 21.273557662963867 21.273557662963867
0.31595900439238656 12.510231971740723 34.73289489746094 13.409675598144531 34.00282669067383 23.30945587158203 23.30945587158203
0.3165446559297218 12.323399543762207 30.651174545288086 11.725223541259766 35.35713195800781 26.045515060424805 26.045515060424805
0.3171303074670571 12.14531421661377 35.31341552734375 12.65040397644043 35.23778533935547 25.138105392456055 25.138105392456055
0.31771595900439237 11.987373352050781 34.21247482299805 12.366256713867188 38.134639739990234 24.927244186401367 24.927244186401367
0.3183016105417277 11.89005184173584 32.589759826660156 11.87744140625 34.873600006103516 23.416975021362305 23.416975021362305
0.318887262079063 11.859284400939941 28.050052642822266 13.108586311340332 38.94194030761719 26.29869270324707 26.29869270324707
0.31947291361639824 12.349608421325684 29.729997634887695 11.030674934387207 33.253196716308594 25.05066680908203 25.05066680908203
0.32005856515373354 12.018905639648438 32.06833267211914 11.731610298156738 37.89186477661133 23.93679428100586 23.93679428100586
0.3206442166910688 11.76413631439209 32.678131103515625 11.742891311645508 31.031200408935547 22.618141174316406 22.618141174316406
0.3212298682284041 11.170872688293457 31.115203857421875 12.240029335021973 32.68021774291992 23.17745018005371 23.17745018005371
0.3218155197657394 11.809133529663086 28.640703201293945 11.670890808105469 39.837467193603516 22.911447525024414 22.911447525024414
0.32240117130307466 11.150741577148438 29.949663162231445 12.661767959594727 35.494041442871094 24.460329055786133 24.460329055786133
0.32298682284040997 12.251538276672363 29.63441276550293 12.070509910583496 36.589115142822266 24.517257690429688 24.517257690429688
0.3235724743777452 11.164254188537598 32.52547073364258 12.501398086547852 31.744844436645508 23.4062557220459 23.4062557220459
0.32415812591508053 11.613836288452148 28.89818572998047 11.966934204101562 32.476348876953125 20.27960205078125 20.27960205078125
0.32474377745241584 11.378679275512695 31.132762908935547 11.56240177154541 32.72254180908203 24.779151916503906 24.779151916503906
0.3253294289897511 11.328520774841309 31.729202270507812 12.357502937316895 35.42940902709961 22.139272689819336 22.139272689819336
0.3259150805270864 10.8441743850708 32.3773307800293 12.657965660095215 39.72122573852539 23.08102798461914 23.08102798461914
0.32650073206442165 11.871811866760254 25.155065536499023 11.326172828674316 34.72144317626953 22.6007137298584 22.6007137298584
0.32708638360175696 11.528864860534668 30.293365478515625 10.506086349487305 34.418922424316406 23.116708755493164 23.116708755493164
0.32767203513909227 11.546699523925781 29.310779571533203 11.073333740234375 40.45619201660156 20.4614200592041 20.4614200592041
0.3282576866764275 11.135397911071777 28.728775024414062 11.814480781555176 38.35816955566406 22.461708068847656 22.461708068847656
0.3288433382137628 11.645110130310059 31.14913558959961 11.589653968811035 36.9290885925293 22.712135314941406 22.712135314941406
0.3294289897510981 10.881842613220215 30.02023696899414 12.179634094238281 32.95525360107422 18.203811645507812 18.203811645507812
0.3300146412884334 11.137147903442383 27.443578720092773 11.778383255004883 35.035701751708984 20.99002456665039 20.99002456665039
0.3306002928257687 9.66981029510498 31.956247329711914 11.42835807800293 32.808406829833984 21.929594039916992 21.929594039916992
0.33118594436310395 11.15320873260498 29.34912872314453 11.707716941833496 31.37335205078125 20.836647033691406 20.836647033691406
0.33177159590043925 10.61957836151123 30.71421241760254 11.13131046295166 34.677833557128906 20.63587188720703 20.63587188720703
0.3323572474377745 11.0686674118042 24.828022003173828 10.238306999206543 32.2817497253418 22.907068252563477 22.907068252563477
0.3329428989751098 11.003674507141113 31.12034797668457 10.926056861877441 36.54435348510742 21.94231414794922 21.94231414794922
0.3335285505124451 10.047250747680664 25.394453048706055 11.236199378967285 31.007667541503906 22.070369720458984 22.070369720458984
0.3341142020497804 11.315308570861816 25.745887756347656 11.392945289611816 33.1749382019043 20.020017623901367 20.020017623901367
0.3346998535871157 10.45291805267334 24.287212371826172 11.225948333740234 34.84962844848633 22.235912322998047 22.235912322998047
0.33528550512445093 9.751140594482422 24.927125930786133 10.65289306640625 34.415016174316406 22.07967758178711 22.07967758178711
0.33587115666178624 9.963583946228027 28.9166316986084 11.431544303894043 34.69532012939453 19.778282165527344 19.778282165527344
0.33645680819912155 10.544403076171875 29.455852508544922 10.322930335998535 30.57114028930664 21.233722686767578 21.233722686767578
0.3370424597364568 11.340539932250977 25.329008102416992 10.193532943725586 34.455223083496094 19.905637741088867 19.905637741088867
0.3376281112737921 9.545234680175781 22.91022300720215 10.655094146728516 35.32805252075195 21.368907928466797 21.368907928466797
0.33821376281112736 9.861186981201172 28.220191955566406 12.0201997756958 24.118555068969727 20.82292938232422 20.82292938232422
0.33879941434846267 9.27234172821045 24.391067504882812 10.035616874694824 33.329402923583984 20.873472213745117 20.873472213745117
0.339385065885798 10.11757755279541 25.1187686920166 10.200616836547852 35.69805145263672 20.908164978027344 20.908164978027344
0.33997071742313323 10.776982307434082 26.132780075073242 10.803274154663086 34.445777893066406 18.872053146362305 18.872053146362305
0.34055636896046854 10.657309532165527 24.449533462524414 9.983514785766602 32.52988815307617 20.574235916137695 20.574235916137695
0.3411420204978038 9.803884506225586 27.10353660583496 11.250736236572266 30.513500213623047 20.728557586669922 20.728557586669922
0.3417276720351391 10.167573928833008 29.686080932617188 10.33729076385498 34.54350662231445 17.79667854309082 17.79667854309082
0.3423133235724744 9.90807056427002 22.135021209716797 10.522650718688965 31.249399185180664 20.869062423706055 20.869062423706055
0.34289897510980966 10.080307960510254 26.56487274169922 10.213150024414062 36.691192626953125 18.27951431274414 18.27951431274414
0.34348462664714496 10.288701057434082 26.445228576660156 10.314454078674316 29.581218719482422 20.028223037719727 20.028223037719727
0.3440702781844802 9.653162002563477 28.857784271240234 9.846440315246582 31.57578468322754 20.09842872619629 20.09842872619629
0.3446559297218155 9.517497062683105 24.10163688659668 10.926353454589844 28.866926193237305 20.118118286132812 20.118118286132812
0.34524158125915083 10.084382057189941 22.684988021850586 10.339345932006836 26.99972152709961 19.874412536621094 19.874412536621094
0.3458272327964861 9.677449226379395 26.7261905670166 10.473745346069336 34.368289947509766 19.809152603149414 19.809152603149414
0.3464128843338214 9.775463104248047 28.585086822509766 9.766569137573242 30.309446334838867 18.31791877746582 18.31791877746582
0.34699853587115664 9.957140922546387 27.87923812866211 9.612588882446289 26.623046875 19.60985565185547 19.60985565185547
0.34758418740849195 9.846540451049805 20.37395668029785 10.008386611938477 27.551895141601562 19.337343215942383 19.337343215942383
0.34816983894582726 9.016349792480469 25.00558853149414 10.693865776062012 31.68723487854004 20.359573364257812 20.359573364257812
0.3487554904831625 10.444111824035645 27.204612731933594 9.92963981628418 30.45660972595215 18.1368350982666 18.1368350982666
0.3493411420204978 9.656445503234863 20.498594284057617 10.14910888671875 30.06348419189453 17.940353393554688 17.940353393554688
0.34992679355783307 9.710821151733398 23.528072357177734 10.185375213623047 30.610477447509766 18.93385887145996 18.93385887145996
0.3505124450951684 10.157238960266113 22.180910110473633 9.530644416809082 31.112062454223633 18.320741653442383 18.320741653442383
0.3510980966325037 9.512735366821289 22.261323928833008 9.656722068786621 30.58354377746582 19.149898529052734 19.149898529052734
0.35168374816983894 9.696869850158691 24.15760612487793 9.002766609191895 31.210439682006836 20.799211502075195 20.799211502075195
0.35226939970717425 8.75908088684082 24.826902389526367 9.47249984741211 29.645517349243164 18.760374069213867 18.760374069213867
0.3528550512445095 9.332483291625977 22.772258758544922 10.395227432250977 26.120895385742188 18.20290756225586 18.20290756225586
0.3534407027818448 8.859355926513672 22.33043670654297 10.445174217224121 29.044885635375977 18.678260803222656 18.678260803222656
0.3540263543191801 9.269182205200195 25.15826416015625 9.25022029876709 29.650346755981445 19.216293334960938 19.216293334960938
0.35461200585651537 9.589836120605469 21.802209854125977 9.381818771362305 31.45505142211914 18.231924057006836 18.231924057006836
0.3551976573938507 9.174554824829102 26.261966705322266 9.163544654846191 26.269725799560547 18.64866065979004 18.64866065979004
0.3557833089311859 8.971275329589844 19.620492935180664 9.14359188079834 26.421632766723633 19.719959259033203 19.719959259033203
0.35636896046852123 9.48027515411377 23.809953689575195 9.350196838378906 26.76947784423828 18.301015853881836 18.301015853881836
0.35695461200585654 9.222441673278809 24.348194122314453 9.36557674407959 30.359956741333008 17.365575790405273 17.365575790405273
0.3575402635431918 9.373703002929688 24.55811309814453 9.511466979980469 30.58234977722168 16.266645431518555 16.266645431518555
0.3581259150805271 8.552253723144531 21.535282135009766 9.096939086914062 31.876850128173828 17.649866104125977 17.649866104125977
0.35871156661786235 8.399251937866211 26.435699462890625 9.689873695373535 24.081661224365234 16.957813262939453 16.957813262939453
0.35929721815519766 9.082118034362793 22.244853973388672 9.302967071533203 27.570451736450195 17.321334838867188 17.321334838867188
0.35988286969253297 8.78876781463623 23.47679328918457 9.917917251586914 28.260591506958008 16.59825325012207 16.59825325012207
0.3604685212298682 9.042891502380371 20.57674789428711 8.45096206665039 25.52252960205078 17.200145721435547 17.200145721435547
0.36105417276720353 8.432334899902344 21.092588424682617 8.970468521118164 29.081012725830078 15.589519500732422 15.589519500732422
0.3616398243045388 9.246565818786621 23.09186363220215 8.828043937683105 27.85056495666504 17.381385803222656 17.381385803222656
0.3622254758418741 8.636258125305176 20.728530883789062 9.333061218261719 27.99284553527832 17.849252700805664 17.849252700805664
0.3628111273792094 8.150177955627441 22.278032302856445 9.041242599487305 25.142723083496094 16.83959197998047 16.83959197998047
0.36339677891654465 8.831114768981934 20.955965042114258 8.51791763305664 26.528343200683594 16.183698654174805 16.183698654174805
0.36398243045387996 9.501842498779297 22.3701114654541 9.182473182678223 21.152761459350586 17.048702239990234 17.048702239990234
0.3645680819912152 8.894190788269043 24.304920196533203 8.558794021606445 24.993907928466797 17.589065551757812 17.589065551757812
0.3651537335285505 8.830262184143066 22.384872436523438 9.003003120422363 28.659835815429688 17.781885147094727 17.781885147094727
0.3657393850658858 8.475213050842285 22.1800479888916 8.67630386352539 23.417037963867188 16.892175674438477 16.892175674438477
0.3663250366032211 8.301998138427734 22.132320404052734 9.306171417236328 23.85915756225586 18.85263442993164 18.85263442993164
0.3669106881405564 8.865906715393066 21.2582950592041 8.970630645751953 25.21833610534668 17.813756942749023 17.813756942749023
0.36749633967789164 8.082245826721191 20.986175537109375 8.610682487487793 24.277233123779297 16.53744888305664 16.53744888305664
0.36808199121522694 8.132329940795898 21.863449096679688 8.930516242980957 22.59089469909668 17.050537109375 17.050537109375
0.36866764275256225 8.130573272705078 22.1722354888916 8.831465721130371 27.816614151000977 15.656188011169434 15.656188011169434
0.3692532942898975 9.259042739868164 19.572025299072266 8.283018112182617 26.301332473754883 16.501972198486328 16.501972198486328
0.3698389458272328 8.566431045532227 21.049030303955078 8.260513305664062 26.18662452697754 15.092495918273926 15.092495918273926
0.37042459736456806 7.829329013824463 21.236337661743164 8.902896881103516 23.451213836669922 16.255170822143555 16.255170822143555
0.37101024890190337 8.996146202087402 23.099971771240234 8.851638793945312 24.092300415039062 16.421279907226562 16.421279907226562
0.3715959004392387 8.356995582580566 21.774169921875 8.51884651184082 24.842809677124023 16.829345703125 16.829345703125
0.37218155197657393 8.137516021728516 20.848472595214844 8.070484161376953 27.925691604614258 15.824382781982422 15.824382781982422
0.37276720351390924 7.837792873382568 22.032215118408203 8.917794227600098 23.007038116455078 16.647083282470703 16.647083282470703
0.3733528550512445 8.192477226257324 18.8009033203125 8.386886596679688 23.033811569213867 16.515056610107422 16.515056610107422
0.3739385065885798 8.274335861206055 18.351301193237305 8.599849700927734 24.922054290771484 16.28760528564453 16.28760528564453
0.3745241581259151 8.807190895080566 19.33949851989746 8.412812232971191 19.94234848022461 15.735208511352539 15.735208511352539
0.37510980966325036 7.812715530395508 21.41254425048828 8.228650093078613 22.807443618774414 15.08043098449707 15.08043098449707
0.37569546120058567 8.575251579284668 18.54703712463379 8.27404499053955 22.967700958251953 14.415499687194824 14.415499687194824
0.3762811127379209 8.664162635803223 18.987640380859375 8.283794403076172 26.032258987426758 16.516109466552734 16.516109466552734
0.3768667642752562 7.80471134185791 16.532026290893555 7.972647666931152 29.04917335510254 15.503202438354492 15.503202438354492
0.37745241581259154 8.221363067626953 18.691591262817383 8.163777351379395 21.008066177368164 13.86795425415039 13.86795425415039
0.3780380673499268 8.306741714477539 19.323375701904297 7.701364994049072 23.856853485107422 13.457135200500488 13.457135200500488
0.3786237188872621 7.611457824707031 21.6292667388916 8.580894470214844 27.22206687927246 15.207784652709961 15.207784652709961
0.37920937042459735 7.455416202545166 18.78868865966797 8.293539047241211 26.053407669067383 15.470410346984863 15.470410346984863
0.37979502196193266 8.056790351867676 22.027746200561523 7.819646835327148 21.864225387573242 17.184404373168945 17.184404373168945
0.38038067349926796 7.806579113006592 18.85015869140625 8.616216659545898 22.22193717956543 16.56576156616211 16.56576156616211
0.3809663250366032 8.327381134033203 18.667875289916992 8.201020240783691 22.572425842285156 16.285512924194336 16.285512924194336
0.3815519765739385 7.280336380004883 21.54103660583496 7.807678699493408 22.618070602416992 15.438143730163574 15.438143730163574
0.3821376281112738 7.386996746063232 17.255895614624023 7.4165730476379395 25.233469009399414 14.878742218017578 14.878742218017578
0.3827232796486091 7.970539569854736 19.10643768310547 7.541035175323486 22.65511131286621 14.112783432006836 14.112783432006836
0.3833089311859444 7.177814483642578 20.121753692626953 7.222955226898193 19.05113983154297 16.93413734436035 16.93413734436035
0.38389458272327964 7.366805553436279 20.033418655395508 8.48383903503418 23.301393508911133 15.035755157470703 15.035755157470703
0.38448023426061495 6.728686809539795 21.983673095703125 8.139921188354492 20.05693817138672 14.304841995239258 14.304841995239258
0.3850658857979502 7.808052062988281 19.97541046142578 8.086663246154785 23.899879455566406 15.306597709655762 15.306597709655762
0.3856515373352855 7.6405110359191895 15.282249450683594 8.21553897857666 23.342144012451172 15.157751083374023 15.157751083374023
0.3862371888726208 7.617653846740723 19.506973266601562 7.866964340209961 21.71217918395996 14.333025932312012 14.333025932312012
0.38682284040995607 7.466775417327881 17.50564193725586 7.238019943237305 23.722991943359375 14.722146987915039 14.722146987915039
0.3874084919472914 8.021954536437988 15.907394409179688 7.190232753753662 21.17678451538086 13.594267845153809 13.594267845153809
0.38799414348462663 7.771873950958252 19.81978988647461 7.24882173538208 23.08812713623047 15.081360816955566 15.081360816955566
0.38857979502196194 7.548365116119385 18.13454246520996 8.422890663146973 24.91691017150879 14.588089942932129 14.588089942932129
0.38916544655929725 7.450239181518555 17.38650894165039 6.722407341003418 21.10238265991211 13.147034645080566 13.147034645080566
0.3897510980966325 7.535212516784668 16.856372833251953 7.538268089294434 19.26409149169922 13.399092674255371 13.399092674255371
0.3903367496339678 7.458576202392578 18.897146224975586 7.256755828857422 22.192045211791992 14.752676010131836 14.752676010131836
0.39092240117130306 7.571181297302246 19.60076141357422 7.389741897583008 22.436603546142578 13.414002418518066 13.414002418518066
0.39150805270863837 7.516221523284912 15.697527885437012 7.467668533325195 21.901050567626953 13.860538482666016 13.860538482666016
0.3920937042459737 7.764810562133789 15.804658889770508 7.383257865905762 17.69803237915039 11.746551513671875 11.746551513671875
0.3926793557833089 6.876945972442627 18.98723793029785 7.404569625854492 18.79792022705078 14.728784561157227 14.728784561157227
0.39326500732064423 7.707701683044434 17.12053680419922 7.446235656738281 21.640493392944336 12.827953338623047 12.827953338623047
0.3938506588579795 6.5997138023376465 21.594839096069336 6.684744358062744 19.926801681518555 13.27989387512207 13.27989387512207
0.3944363103953148 7.125074863433838 17.07834815979004 7.497117519378662 22.80710220336914 13.753872871398926 13.753872871398926
0.3950219619326501 6.791864395141602 16.89965057373047 7.271112442016602 21.96603775024414 14.53223991394043 14.53223991394043
0.39560761346998535 7.17819881439209 16.399770736694336 6.863255500793457 23.491762161254883 14.290365219116211 14.290365219116211
0.39619326500732066 7.273550510406494 17.523235321044922 7.379281520843506 18.090181350708008 12.965970993041992 12.965970993041992
0.3967789165446559 6.725581645965576 17.899873733520508 7.344419479370117 20.92243003845215 13.819601058959961 13.819601058959961
0.3973645680819912 6.263915538787842 16.137901306152344 6.722016334533691 20.74811363220215 14.016999244689941 14.016999244689941
0.39795021961932653 6.57314920425415 16.825159072875977 7.428445816040039 23.36018180847168 12.720279693603516 12.720279693603516
0.3985358711566618 6.784463882446289 17.659692764282227 7.469496726989746 19.808290481567383 14.711478233337402 14.711478233337402
0.3991215226939971 7.512611389160156 15.678163528442383 6.707273483276367 22.451555252075195 13.286359786987305 13.286359786987305
0.39970717423133234 6.9522385597229 17.525789260864258 7.882271766662598 20.629770278930664 12.174142837524414 12.174142837524414
0.40029282576866765 7.937914848327637 18.728872299194336 7.216557025909424 19.8594913482666 12.811371803283691 12.811371803283691
0.4008784773060029 7.146909713745117 15.980348587036133 7.376552104949951 19.9310302734375 14.072046279907227 14.072046279907227
0.4014641288433382 6.876809597015381 14.876851081848145 7.003627777099609 20.675893783569336 11.88780689239502 11.88780689239502
0.4020497803806735 6.351931095123291 11.645089149475098 7.191174030303955 20.460657119750977 12.811180114746094 12.811180114746094
0.40263543191800877 6.614144802093506 14.90269660949707 7.205014705657959 21.284446716308594 12.99350643157959 12.99350643157959
0.4032210834553441 6.322895050048828 16.974641799926758 6.7845306396484375 18.74518585205078 12.584430694580078 12.584430694580078
0.40380673499267933 7.137592315673828 14.974414825439453 7.878138065338135 20.566621780395508 13.141868591308594 13.141868591308594
0.40439238653001464 7.472442626953125 13.749740600585938 6.39427375793457 19.506772994995117 13.016258239746094 13.016258239746094
0.40497803806734994 7.016634464263916 16.559513092041016 7.504629611968994 21.964496612548828 12.916719436645508 12.916719436645508
0.4055636896046852 6.508731842041016 17.304651260375977 6.802985668182373 18.24749755859375 13.283573150634766 13.283573150634766
0.4061493411420205 6.831242561340332 14.897385597229004 6.542189121246338 16.18324851989746 12.8460054397583 12.8460054397583
0.40673499267935576 7.238730430603027 14.489693641662598 6.407657623291016 15.871062278747559 12.493040084838867 12.493040084838867
0.40732064421669106 6.782872676849365 13.796639442443848 6.5555949211120605 17.2777099609375 12.425678253173828 12.425678253173828
0.40790629575402637 6.853305816650391 16.9078311920166 6.500518798828125 20.421558380126953 12.771531105041504 12.771531105041504
0.4084919472913616 6.290280818939209 16.254186630249023 6.595609664916992 18.71904182434082 12.06396484375 12.06396484375
0.40907759882869693 6.253695487976074 12.238028526306152 6.605264663696289 21.375661849975586 10.430416107177734 10.430416107177734
0.4096632503660322 6.392958641052246 16.05316925048828 5.735230922698975 20.588626861572266 12.010025978088379 12.010025978088379
0.4102489019033675 6.378358840942383 12.353203773498535 6.209691047668457 18.44970703125 12.617400169372559 12.617400169372559
0.4108345534407028 6.715333938598633 13.94037914276123 6.714126110076904 18.989694595336914 12.70689582824707 12.70689582824707
0.41142020497803805 6.315613746643066 13.277278900146484 6.126521110534668 21.527267456054688 11.862431526184082 11.862431526184082
0.41200585651537336 6.696465492248535 15.179769515991211 6.260227203369141 19.681852340698242 12.311466217041016 12.311466217041016
0.4125915080527086 6.9480814933776855 13.526351928710938 6.585397720336914 16.717506408691406 12.130533218383789 12.130533218383789
0.4131771595900439 5.877409934997559 15.867757797241211 6.345821380615234 19.324111938476562 12.561522483825684 12.561522483825684
0.4137628111273792 6.189806938171387 13.02094841003418 6.792848110198975 20.61371421813965 12.407258033752441 12.407258033752441
0.4143484626647145 6.658539295196533 15.172388076782227 5.872965335845947 16.21571922302246 11.000927925109863 11.000927925109863
0.4149341142020498 6.02292537689209 15.742413520812988 6.513527870178223 20.788875579833984 11.108784675598145 11.108784675598145
0.41551976573938504 5.990513324737549 13.410419464111328 6.8145318031311035 16.312145233154297 10.859834671020508 10.859834671020508
0.41610541727672035 5.616023540496826 14.352614402770996 5.7109527587890625 14.010738372802734 11.651545524597168 11.651545524597168
0.41669106881405565 6.482569694519043 13.638834953308105 6.401219844818115 19.343059539794922 11.454080581665039 11.454080581665039
0.4172767203513909 6.320016860961914 13.476945877075195 6.442258834838867 17.854764938354492 10.991501808166504 10.991501808166504
0.4178623718887262 5.445093631744385 13.623562812805176 5.628084659576416 16.036853790283203 12.580338478088379 12.580338478088379
0.41844802342606147 5.747215270996094 17.483579635620117 6.9372148513793945 17.299400329589844 11.167131423950195 11.167131423950195
0.4190336749633968 6.02379035949707 14.601543426513672 5.93560266494751 15.244890213012695 11.139881134033203 11.139881134033203
0.4196193265007321 6.998198986053467 14.307026863098145 6.588315486907959 17.42393684387207 11.573862075805664 11.573862075805664
0.42020497803806733 6.371432781219482 14.705789566040039 6.085885524749756 15.534677505493164 11.194785118103027 11.194785118103027
0.42079062957540264 6.222435474395752 13.128538131713867 6.5389299392700195 15.764715194702148 12.295833587646484 12.295833587646484
0.4213762811127379 6.472297668457031 14.7725248336792 6.253827095031738 18.799793243408203 11.911157608032227 11.911157608032227
0.4219619326500732 6.702134609222412 11.239786148071289 6.564190864562988 14.758533477783203 11.078673362731934 11.078673362731934
0.4225475841874085 6.258176326751709 15.240666389465332 6.8500165939331055 16.354846954345703 11.46024227142334 11.46024227142334
0.42313323572474376 6.301351070404053 13.948319435119629 5.698524475097656 19.757863998413086 10.890166282653809 10.890166282653809
0.42371888726207907 5.576425552368164 12.723919868469238 6.184351444244385 16.585363388061523 10.150582313537598 10.150582313537598
0.4243045387994143 6.28258752822876 13.298426628112793 5.542403221130371 18.395845413208008 11.087641716003418 11.087641716003418
0.42489019033674963 6.387788772583008 12.915671348571777 6.417438507080078 15.675227165222168 9.822892189025879 9.822892189025879
0.42547584187408494 5.102377891540527 13.251999855041504 5.718255043029785 16.506040573120117 11.258387565612793 11.258387565612793
0.4260614934114202 6.36218786239624 12.304662704467773 6.218416213989258 14.537373542785645 11.417525291442871 11.417525291442871
0.4266471449487555 5.433207988739014 12.390045166015625 6.270859241485596 14.688241004943848 11.118430137634277 11.118430137634277
0.42723279648609075 6.064171314239502 13.378955841064453 5.60628604888916 14.872827529907227 10.186700820922852 10.186700820922852
0.42781844802342606 6.148797035217285 12.475598335266113 5.569828510284424 17.792051315307617 10.197344779968262 10.197344779968262
0.42840409956076136 6.171822547912598 13.999357223510742 5.923031330108643 17.117319107055664 11.999825477600098 11.999825477600098
0.4289897510980966 6.229654788970947 13.995036125183105 5.712122917175293 11.526537895202637 11.422994613647461 11.422994613647461
0.4295754026354319 5.695028781890869 13.299134254455566 6.028403282165527 16.48476791381836 12.600584030151367 12.600584030151367
0.4301610541727672 5.421445369720459 15.048555374145508 5.921042442321777 14.395009994506836 11.818042755126953 11.818042755126953
0.4307467057101025 5.691619873046875 11.673332214355469 5.436947345733643 16.04559326171875 10.227202415466309 10.227202415466309
0.4313323572474378 5.881538391113281 10.710017204284668 5.734033584594727 17.627912521362305 10.71756362915039 10.71756362915039
0.43191800878477304 5.891800403594971 11.451555252075195 6.216188907623291 16.33499526977539 10.958151817321777 10.958151817321777
0.43250366032210835 5.152246952056885 13.134415626525879 5.905160427093506 14.957106590270996 9.892683982849121 9.892683982849121
0.4330893118594436 5.851752758026123 10.953964233398438 5.748061180114746 15.353049278259277 11.201672554016113 11.201672554016113
0.4336749633967789 6.213551998138428 11.189271926879883 6.0566020011901855 15.763882637023926 10.431022644042969 10.431022644042969
0.4342606149341142 6.449546813964844 15.661540031433105 5.906733512878418 16.606918334960938 12.117423057556152 12.117423057556152
0.43484626647144947 5.901803016662598 13.620136260986328 5.316030025482178 18.80828094482422 10.48918342590332 10.48918342590332
0.4354319180087848 5.75441837310791 11.874356269836426 5.435120582580566 19.530187606811523 9.670309066772461 9.670309066772461
0.43601756954612003 6.2308478355407715 14.065812110900879 5.401204586029053 14.638449668884277 10.116262435913086 10.116262435913086
0.43660322108345534 6.023934841156006 13.844476699829102 5.648515701293945 17.207860946655273 10.249135971069336 10.249135971069336
0.43718887262079065 5.499811172485352 11.419269561767578 5.862918853759766 12.909174919128418 9.832258224487305 9.832258224487305
0.4377745241581259 5.813551425933838 14.245296478271484 5.30711555480957 15.860054969787598 9.170244216918945 9.170244216918945
0.4383601756954612 5.186038494110107 11.816801071166992 6.035981178283691 16.930835723876953 10.347743034362793 10.347743034362793
0.43894582723279646 5.92958402633667 10.90347671508789 5.443736553192139 13.294007301330566 10.381115913391113 10.381115913391113
0.43953147877013177 5.868683815002441 11.35875129699707 5.612785816192627 17.652441024780273 11.063824653625488 11.063824653625488
0.4401171303074671 5.91670560836792 12.617195129394531 6.02841329574585 12.442168235778809 9.474432945251465 9.474432945251465
0.4407027818448023 5.833128452301025 14.201234817504883 5.5372538566589355 16.221725463867188 9.149615287780762 9.149615287780762
0.44128843338213763 5.234892845153809 13.681192398071289 5.000927448272705 15.97826862335205 10.464151382446289 10.464151382446289
0.4418740849194729 5.5033955574035645 13.496649742126465 5.578497886657715 16.24829864501953 11.643887519836426 11.643887519836426
0.4424597364568082 5.291632175445557 13.730817794799805 5.5941925048828125 16.191120147705078 9.991999626159668 9.991999626159668
0.4430453879941435 5.394391059875488 14.042232513427734 5.378445148468018 13.837324142456055 10.409485816955566 10.409485816955566
0.44363103953147875 5.987810134887695 14.970749855041504 5.416243553161621 15.819090843200684 10.414912223815918 10.414912223815918
0.44421669106881406 5.314610958099365 12.817899703979492 5.686995029449463 13.894577026367188 10.601462364196777 10.601462364196777
0.4448023426061493 5.44714879989624 14.511955261230469 4.9023637771606445 16.736385345458984 8.989970207214355 8.989970207214355
0.4453879941434846 5.561593055725098 11.977513313293457 5.269588947296143 17.074861526489258 9.831869125366211 9.831869125366211
0.44597364568081993 5.887451171875 11.690739631652832 5.39917516708374 17.028671264648438 9.701866149902344 9.701866149902344
0.4465592972181552 5.1621575355529785 11.548860549926758 5.401621341705322 15.423408508300781 9.607429504394531 9.607429504394531
0.4471449487554905 5.460177898406982 10.272147178649902 5.35554838180542 16.1561222076416 9.670782089233398 9.670782089233398
0.44773060029282574 5.718695640563965 11.219283103942871 4.9048333168029785 15.545031547546387 8.668299674987793 8.668299674987793
0.44831625183016105 5.165144920349121 11.777944564819336 6.06910514831543 12.464424133300781 10.64443588256836 10.64443588256836
0.44890190336749636 5.652188301086426 11.155742645263672 5.480662822723389 12.115833282470703 11.123202323913574 11.123202323913574
0.4494875549048316 5.752567291259766 12.882047653198242 6.272346496582031 14.682327270507812 9.361711502075195 9.361711502075195
0.4500732064421669 5.507655143737793 11.670226097106934 4.354423522949219 11.446803092956543 9.082472801208496 9.082472801208496
0.45065885797950217 5.905085563659668 12.43145751953125 5.6779093742370605 17.686344146728516 10.254997253417969 10.254997253417969
0.4512445095168375 5.200455188751221 13.82205867767334 4.478243827819824 13.756418228149414 9.266441345214844 9.266441345214844
0.4518301610541728 5.269272327423096 13.195505142211914 4.992426872253418 14.582501411437988 10.029104232788086 10.029104232788086
0.45241581259150804 5.330803871154785 10.592743873596191 5.192583084106445 15.152024269104004 9.023042678833008 9.023042678833008
0.45300146412884335 4.727199077606201 9.247410774230957 5.403029441833496 12.442584991455078 9.582596778869629 9.582596778869629
0.4535871156661786 5.485622882843018 9.59901237487793 5.438248634338379 12.288068771362305 9.945249557495117 9.945249557495117
0.4541727672035139 4.669554710388184 10.918574333190918 5.290250301361084 12.477137565612793 9.708879470825195 9.708879470825195
0.4547584187408492 5.565221786499023 10.930561065673828 5.411606311798096 17.080068588256836 8.109559059143066 8.109559059143066
0.45534407027818447 5.5253753662109375 11.866689682006836 5.383382320404053 15.832865715026855 10.048501968383789 10.048501968383789
0.4559297218155198 5.535523414611816 12.365839004516602 5.3489766120910645 12.734684944152832 8.652044296264648 8.652044296264648
0.456515373352855 5.46681022644043 10.85268497467041 4.793243885040283 13.414238929748535 7.8815412521362305 7.8815412521362305
0.45710102489019033 4.504948616027832 9.942066192626953 5.40354061126709 16.996442794799805 11.26144027709961 11.26144027709961
0.45768667642752564 4.774596691131592 11.840103149414062 5.315361499786377 13.177830696105957 10.443294525146484 10.443294525146484
0.4582723279648609 5.079277515411377 10.615299224853516 4.28643798828125 12.776053428649902 9.53841495513916 9.53841495513916
0.4588579795021962 5.295022010803223 10.002372741699219 4.75492525100708 13.96014404296875 9.052069664001465 9.052069664001465
0.45944363103953145 4.591146945953369 12.037940979003906 5.30076265335083 12.260491371154785 8.471397399902344 8.471397399902344
0.46002928257686676 5.4709696769714355 11.183269500732422 4.886584281921387 13.579723358154297 10.631081581115723 10.631081581115723
0.46061493411420207 5.59208869934082 8.86799144744873 4.93831205368042 12.122307777404785 9.297392845153809 9.297392845153809
0.4612005856515373 4.995455741882324 12.420063972473145 4.893365859985352 12.689616203308105 9.064051628112793 9.064051628112793
0.46178623718887263 5.394958019256592 9.302635192871094 4.9473748207092285 11.247160911560059 9.994900703430176 9.994900703430176
0.4623718887262079 5.499960899353027 11.727779388427734 5.3828654289245605 13.093238830566406 8.18955135345459 8.18955135345459
0.4629575402635432 5.692483425140381 13.264254570007324 5.205055236816406 11.12127685546875 9.454164505004883 9.454164505004883
0.4635431918008785 5.479315757751465 13.505946159362793 5.221958637237549 15.248621940612793 9.297937393188477 9.297937393188477
0.46412884333821375 4.494560241699219 11.444207191467285 5.559964656829834 12.916386604309082 8.979114532470703 8.979114532470703
0.46471449487554906 4.725430011749268 12.005237579345703 5.415374279022217 12.38333511352539 7.66312313079834 7.66312313079834
0.4653001464128843 4.688137531280518 9.438274383544922 4.943609237670898 13.888908386230469 7.87263822555542 7.87263822555542
0.4658857979502196 5.082825660705566 10.220297813415527 4.160384178161621 13.578453063964844 9.163177490234375 9.163177490234375
0.4664714494875549 4.443798065185547 11.927813529968262 4.576722621917725 10.237537384033203 8.860383033752441 8.860383033752441
0.4670571010248902 5.023072719573975 9.212057113647461 4.921395778656006 12.204216957092285 7.84812068939209 7.84812068939209
0.4676427525622255 5.476882457733154 11.062188148498535 4.39441442489624 12.226164817810059 8.047670364379883 8.047670364379883
0.46822840409956074 5.138923645019531 11.52199649810791 4.29326868057251 13.35319709777832 7.743120193481445 7.743120193481445
0.46881405563689604 4.989123344421387 9.7288236618042 5.034593105316162 11.991985321044922 7.790222644805908 7.790222644805908
0.46939970717423135 5.001729488372803 10.520566940307617 4.867864608764648 12.927462577819824 9.033135414123535 9.033135414123535
0.4699853587115666 4.961825370788574 10.927391052246094 4.741076469421387 12.287569046020508 7.811422348022461 7.811422348022461
0.4705710102489019 4.940594673156738 11.281005859375 4.685187339782715 13.96068286895752 8.294633865356445 8.294633865356445
0.47115666178623716 4.941027641296387 8.504530906677246 4.575812339782715 12.896666526794434 8.6441068649292 8.6441068649292
0.47174231332357247 5.072659492492676 10.228621482849121 4.815457344055176 13.624028205871582 7.429065704345703 7.429065704345703
0.4723279648609078 4.6351189613342285 8.939850807189941 4.75677490234375 11.189078330993652 9.445157051086426 9.445157051086426
0.47291361639824303 4.683768272399902 8.87427043914795 4.801388263702393 14.355031967163086 7.661997318267822 7.661997318267822
0.47349926793557834 5.0315399169921875 10.112858772277832 4.853516578674316 15.613245010375977 8.495850563049316 8.495850563049316
0.4740849194729136 5.37205696105957 12.221083641052246 4.9465765953063965 12.284664154052734 8.020950317382812 8.020950317382812
0.4746705710102489 5.6883320808410645 6.792891979217529 4.09792423248291 10.434584617614746 8.29570198059082 8.29570198059082
0.4752562225475842 5.0089850425720215 11.432355880737305 4.518338203430176 13.403834342956543 9.397602081298828 9.397602081298828
0.47584187408491946 4.282002925872803 8.155031204223633 4.345478057861328 9.40300464630127 8.637722969055176 8.637722969055176
0.47642752562225477 4.726135730743408 10.037707328796387 4.005156517028809 13.7351713180542 9.335484504699707 9.335484504699707
0.47701317715959 4.361915588378906 9.289289474487305 5.03222131729126 12.887025833129883 9.348627090454102 9.348627090454102
0.4775988286969253 4.424380302429199 10.39105224609375 4.9060797691345215 13.47844123840332 8.531278610229492 8.531278610229492
0.47818448023426063 4.1782755851745605 10.062633514404297 4.37403678894043 9.5175142288208 7.937356472015381 7.937356472015381
0.4787701317715959 3.9707953929901123 9.319682121276855 3.992082357406616 11.69826889038086 8.385313034057617 8.385313034057617
0.4793557833089312 4.584603786468506 8.063010215759277 4.507668495178223 10.184806823730469 6.466119766235352 6.466119766235352
0.47994143484626645 4.624030113220215 9.531352996826172 4.681828498840332 13.143027305603027 8.205403327941895 8.205403327941895
0.48052708638360175 4.040102481842041 8.881513595581055 4.208104610443115 10.833456993103027 10.095429420471191 10.095429420471191
0.48111273792093706 4.4079766273498535 7.587643623352051 4.752215385437012 11.406708717346191 8.584232330322266 8.584232330322266
0.4816983894582723 4.513995170593262 10.272050857543945 4.298663139343262 10.70422077178955 7.724527835845947 7.724527835845947
0.4822840409956076 5.337735652923584 8.025636672973633 4.755170822143555 13.332559585571289 7.004143714904785 7.004143714904785
0.4828696925329429 5.646722316741943 9.736368179321289 4.320818901062012 12.375428199768066 9.030133247375488 9.030133247375488
0.4834553440702782 4.694149494171143 8.960519790649414 4.545324802398682 13.317432403564453 6.747555255889893 6.747555255889893
0.4840409956076135 5.246674537658691 11.333144187927246 4.358085632324219 8.046671867370605 7.841150283813477 7.841150283813477
0.48462664714494874 4.547924041748047 9.899725914001465 3.762575626373291 11.618565559387207 9.828868865966797 9.828868865966797
0.48521229868228405 4.339206218719482 8.985709190368652 3.9320907592773438 12.277698516845703 8.15420913696289 8.15420913696289
0.4857979502196193 4.963022232055664 7.965286731719971 4.947103500366211 11.672160148620605 8.364957809448242 8.364957809448242
0.4863836017569546 4.350241661071777 9.511296272277832 4.465569972991943 10.600822448730469 7.342802047729492 7.342802047729492
0.4869692532942899 4.523324966430664 7.025534152984619 5.349685192108154 12.990060806274414 6.363692283630371 6.363692283630371
0.48755490483162517 4.209453105926514 9.897074699401855 4.84995174407959 12.60015869140625 7.4618635177612305 7.4618635177612305
0.4881405563689605 4.642786979675293 9.545873641967773 4.191830158233643 9.54711627960205 8.136457443237305 8.136457443237305
0.48872620790629573 5.132838726043701 8.844305038452148 4.235365867614746 12.833467483520508 7.506849765777588 7.506849765777588
0.48931185944363104 5.2071356773376465 8.964776992797852 3.9849886894226074 12.381368637084961 7.412117958068848 7.412117958068848
0.48989751098096634 4.399729251861572 9.176779747009277 3.682577610015869 12.786285400390625 8.328313827514648 8.328313827514648
0.4904831625183016 4.658638000488281 8.801589965820312 3.984044313430786 9.323477745056152 7.424572467803955 7.424572467803955
0.4910688140556369 4.3210649490356445 9.188736915588379 4.451321601867676 9.257869720458984 7.266319751739502 7.266319751739502
0.49165446559297216 4.684503555297852 10.185531616210938 4.573202133178711 12.741985321044922 8.615772247314453 8.615772247314453
0.49224011713030746 5.492133140563965 8.890328407287598 4.663827896118164 11.735198974609375 8.10836410522461 8.10836410522461
0.49282576866764277 4.8870320320129395 10.80638599395752 5.2755351066589355 10.520915031433105 7.261925220489502 7.261925220489502
0.493411420204978 4.325597763061523 8.543095588684082 4.07387113571167 9.26280689239502 6.365535736083984 6.365535736083984
0.49399707174231333 4.450459003448486 9.236127853393555 4.655635356903076 10.86061954498291 5.171701431274414 5.171701431274414
0.4945827232796486 4.593989372253418 8.130967140197754 4.121627330780029 11.581681251525879 7.937466621398926 7.937466621398926
0.4951683748169839 3.8681702613830566 8.681659698486328 4.339588165283203 12.001465797424316 8.206208229064941 8.206208229064941
0.4957540263543192 4.179299354553223 8.591429710388184 4.441725254058838 13.789691925048828 6.662308692932129 6.662308692932129
0.49633967789165445 4.664647579193115 8.528243064880371 4.979585647583008 11.686710357666016 8.299153327941895 8.299153327941895
0.49692532942898976 4.238635063171387 10.203516960144043 4.314111709594727 7.129961013793945 7.436789512634277 7.436789512634277
0.497510980966325 4.397742748260498 9.349702835083008 4.222146034240723 10.599976539611816 7.97833776473999 7.97833776473999
0.4980966325036603 4.0982561111450195 6.042663097381592 4.856952667236328 8.634149551391602 7.905667781829834 7.905667781829834
0.4986822840409956 3.5265352725982666 11.75162410736084 3.3870301246643066 11.948765754699707 8.664887428283691 8.664887428283691
0.4992679355783309 4.607390403747559 10.423219680786133 3.7810285091400146 13.594181060791016 8.256943702697754 8.256943702697754
0.4998535871156662 4.593541145324707 6.609493732452393 4.519073963165283 11.526376724243164 6.85823917388916 6.85823917388916
0.5004392386530014 4.5076003074646 7.816030979156494 4.175591468811035 11.89972972869873 7.277937412261963 7.277937412261963
0.5010248901903368 4.926807880401611 8.410527229309082 4.145105361938477 9.001944541931152 8.240936279296875 8.240936279296875
0.501610541727672 4.408201694488525 8.095135688781738 3.972322463989258 13.041399955749512 7.847864627838135 7.847864627838135
0.5021961932650073 4.5956878662109375 7.4071364402771 3.8531103134155273 11.756355285644531 6.983243942260742 6.983243942260742
0.5027818448023426 4.158058166503906 6.569939136505127 3.872086524963379 11.219095230102539 7.053925037384033 7.053925037384033
0.5033674963396779 3.850841999053955 7.333218097686768 4.066487789154053 11.020669937133789 6.685873508453369 6.685873508453369
0.5039531478770132 3.81050443649292 6.251582622528076 3.9079532623291016 9.347331047058105 7.808840274810791 7.808840274810791
0.5045387994143484 4.31824254989624 6.904573440551758 3.433688163757324 12.761147499084473 6.636693477630615 6.636693477630615
0.5051244509516838 4.033382415771484 10.118310928344727 4.452772617340088 11.821653366088867 7.174449443817139 7.174449443817139
0.505710102489019 4.475823879241943 8.634784698486328 3.5766923427581787 10.702265739440918 7.811041355133057 7.811041355133057
0.5062957540263543 4.0601887702941895 9.358723640441895 4.890129089355469 7.733031749725342 7.882166385650635 7.882166385650635
0.5068814055636897 4.006687641143799 5.380657196044922 4.659038066864014 9.03442668914795 6.878664970397949 6.878664970397949
0.5074670571010249 4.122740745544434 6.113964080810547 4.404053688049316 9.487547874450684 7.976918697357178 7.976918697357178
0.5080527086383602 4.6501383781433105 8.431830406188965 3.8303558826446533 8.562095642089844 7.259728908538818 7.259728908538818
0.5086383601756954 4.76799201965332 7.104696273803711 4.168548107147217 7.7770185470581055 6.96558141708374 6.96558141708374
0.5092240117130308 4.5125017166137695 7.561055660247803 3.064210891723633 10.037602424621582 7.191871643066406 7.191871643066406
0.509809663250366 4.27017068862915 8.926131248474121 3.890425443649292 7.759072780609131 7.4753546714782715 7.4753546714782715
0.5103953147877013 4.008780479431152 9.150860786437988 3.8924081325531006 11.78503131866455 7.966022491455078 7.966022491455078
0.5109809663250366 3.7530128955841064 9.605293273925781 3.8467857837677 9.303628921508789 7.3282599449157715 7.3282599449157715
0.5115666178623719 4.022057056427002 9.744906425476074 4.260941505432129 7.779212951660156 8.001668930053711 8.001668930053711
0.5121522693997071 4.307828903198242 9.437482833862305 4.184986114501953 11.725594520568848 6.556718826293945 6.556718826293945
0.5127379209370425 3.6215615272521973 7.815681457519531 3.9987595081329346 8.188361167907715 7.859509468078613 7.859509468078613
0.5133235724743778 5.044877052307129 6.671235084533691 3.677530527114868 9.90394401550293 6.652953624725342 6.652953624725342
0.513909224011713 3.8517704010009766 8.030431747436523 4.457021236419678 7.657062530517578 7.266295433044434 7.266295433044434
0.5144948755490483 3.8249902725219727 5.258615016937256 3.9672763347625732 9.486817359924316 8.240777015686035 8.240777015686035
0.5150805270863836 4.730528831481934 7.566300868988037 4.747642517089844 10.607154846191406 7.935783386230469 7.935783386230469
0.5156661786237189 3.6610054969787598 8.548608779907227 3.6594860553741455 11.849602699279785 5.52560567855835 5.52560567855835
0.5162518301610541 3.40580415725708 8.261507987976074 4.326986789703369 10.100530624389648 6.873912811279297 6.873912811279297
0.5168374816983895 3.86879301071167 9.22331714630127 3.370861768722534 5.878769397735596 7.786257266998291 7.786257266998291
0.5174231332357248 5.056284427642822 8.296293258666992 3.5651631355285645 10.27646255493164 6.379417896270752 6.379417896270752
0.51800878477306 3.248047351837158 6.96517276763916 4.27980375289917 7.703258991241455 7.180051326751709 7.180051326751709
0.5185944363103954 4.042049407958984 9.002758026123047 3.758733034133911 8.772321701049805 7.759083271026611 7.759083271026611
0.5191800878477306 4.102240085601807 7.443322658538818 4.013556003570557 7.743085861206055 6.562192916870117 6.562192916870117
0.5197657393850659 3.877304792404175 7.921356201171875 3.9713995456695557 8.851258277893066 7.903361797332764 7.903361797332764
0.5203513909224011 4.463247299194336 6.102219581604004 3.7732019424438477 11.394237518310547 6.951793670654297 6.951793670654297
0.5209370424597365 3.4895381927490234 6.978298187255859 2.9021480083465576 10.330497741699219 6.258603096008301 6.258603096008301
0.5215226939970717 4.176774978637695 6.014617919921875 4.094542980194092 7.276901721954346 8.100483894348145 8.100483894348145
0.522108345534407 3.8626058101654053 10.155832290649414 3.862874984741211 9.250213623046875 5.671698093414307 5.671698093414307
0.5226939970717424 3.657719135284424 7.007816314697266 3.327174186706543 10.741575241088867 6.734589099884033 6.734589099884033
0.5232796486090776 3.9492695331573486 7.815530300140381 3.0269052982330322 9.396483421325684 6.079940319061279 6.079940319061279
0.5238653001464129 3.9802684783935547 6.167002201080322 4.538402080535889 9.558506965637207 6.795515537261963 6.795515537261963
0.5244509516837482 3.4425671100616455 9.924600601196289 2.9025731086730957 8.952174186706543 6.531769752502441 6.531769752502441
0.5250366032210835 4.6448540687561035 7.765136241912842 4.170694351196289 10.834893226623535 8.561415672302246 8.561415672302246
0.5256222547584187 3.2213964462280273 7.290693759918213 4.011457443237305 6.570329189300537 6.659188270568848 6.659188270568848
0.526207906295754 3.8124029636383057 7.966667652130127 3.483546018600464 9.549921989440918 6.5461883544921875 6.5461883544921875
0.5267935578330893 4.478302955627441 6.920785427093506 3.745537281036377 11.929373741149902 5.141824245452881 5.141824245452881
0.5273792093704246 3.7513644695281982 7.759616374969482 2.9905271530151367 7.922491073608398 7.692892551422119 7.692892551422119
0.5279648609077598 4.285423278808594 7.699690818786621 2.977768898010254 9.413432121276855 5.9293599128723145 5.9293599128723145
0.5285505124450952 3.5512802600860596 8.057916641235352 3.025383710861206 11.668386459350586 6.345850467681885 6.345850467681885
0.5291361639824305 3.6839494705200195 7.491163730621338 4.102900981903076 9.025712013244629 8.053167343139648 8.053167343139648
0.5297218155197657 3.8042783737182617 9.795095443725586 3.6537492275238037 9.059760093688965 7.4770917892456055 7.4770917892456055
0.5303074670571011 3.594541311264038 7.2946271896362305 3.619608163833618 9.884414672851562 6.017220497131348 6.017220497131348
0.5308931185944363 3.979874610900879 6.645153999328613 4.529516696929932 9.346657752990723 5.762428283691406 5.762428283691406
0.5314787701317716 3.943956136703491 7.8615546226501465 4.084931373596191 7.161776065826416 7.9894304275512695 7.9894304275512695
0.5320644216691068 3.4513919353485107 6.485248565673828 3.882427453994751 9.324627876281738 5.9799675941467285 5.9799675941467285
0.5326500732064422 3.916799783706665 9.021661758422852 4.101485729217529 9.640811920166016 5.509580612182617 5.509580612182617
0.5332357247437775 4.313852310180664 7.265992164611816 3.185715675354004 8.486124992370605 6.825967788696289 6.825967788696289
0.5338213762811127 3.9658544063568115 6.885683536529541 4.11417293548584 8.015448570251465 6.778174877166748 6.778174877166748
0.5344070278184481 4.153097152709961 8.727877616882324 4.0054612159729 9.686576843261719 5.256162166595459 5.256162166595459
0.5349926793557833 4.147192001342773 8.690664291381836 3.7319235801696777 6.798367023468018 5.800070285797119 5.800070285797119
0.5355783308931186 3.9677419662475586 7.726534366607666 2.839965343475342 11.329968452453613 6.905458927154541 6.905458927154541
0.5361639824304539 4.096899509429932 10.924707412719727 3.486576557159424 9.420876502990723 6.197201251983643 6.197201251983643
0.5367496339677892 3.544956922531128 7.678387641906738 4.1613922119140625 8.39317512512207 6.9274797439575195 6.9274797439575195
0.5373352855051244 3.7882847785949707 8.221847534179688 2.5590431690216064 5.169396877288818 7.608593463897705 7.608593463897705
0.5379209370424597 4.0509772300720215 7.80291748046875 3.9493722915649414 6.464113712310791 6.765571594238281 6.765571594238281
0.538506588579795 4.242656707763672 6.634181499481201 4.033188343048096 6.706759929656982 7.19246244430542 7.19246244430542
0.5390922401171303 2.578082799911499 7.569547176361084 3.1111299991607666 8.31365966796875 5.153815269470215 5.153815269470215
0.5396778916544656 3.994614839553833 4.51123571395874 3.2957980632781982 5.707561492919922 6.594879150390625 6.594879150390625
0.5402635431918009 3.554612398147583 5.9961323738098145 3.1427323818206787 10.82199478149414 7.109370231628418 7.109370231628418
0.5408491947291362 2.8507516384124756 7.035919189453125 3.980565071105957 6.484943866729736 6.092573165893555 6.092573165893555
0.5414348462664714 4.126756191253662 6.633814334869385 3.368114709854126 5.352252960205078 6.300434112548828 6.300434112548828
0.5420204978038068 3.6715290546417236 7.36569881439209 4.106375694274902 7.257458686828613 6.776508808135986 6.776508808135986
0.542606149341142 3.998974084854126 5.950472831726074 4.360472202301025 9.353402137756348 7.147202014923096 7.147202014923096
0.5431918008784773 4.41163969039917 3.111747980117798 4.174624443054199 10.677721977233887 4.862192630767822 4.862192630767822
0.5437774524158125 3.23077392578125 6.501478672027588 3.662122964859009 10.222064971923828 6.2347307205200195 6.2347307205200195
0.5443631039531479 3.3383939266204834 7.499924182891846 3.270787000656128 8.330310821533203 5.023008346557617 5.023008346557617
0.5449487554904832 4.237297058105469 4.889761447906494 3.7262184619903564 10.346541404724121 5.705966949462891 5.705966949462891
0.5455344070278184 2.793485641479492 5.50139045715332 3.0728795528411865 10.79040241241455 4.750659942626953 4.750659942626953
0.5461200585651538 3.360056161880493 8.045564651489258 3.791360855102539 9.532167434692383 6.072811126708984 6.072811126708984
0.546705710102489 3.161860227584839 7.427788257598877 2.7578976154327393 7.514029502868652 4.456100940704346 4.456100940704346
0.5472913616398243 2.5905203819274902 8.06678581237793 3.734358072280884 8.283076286315918 4.500365257263184 4.500365257263184
0.5478770131771596 3.6484060287475586 7.747763633728027 3.7313127517700195 6.569797515869141 6.822370529174805 6.822370529174805
0.5484626647144949 3.713578462600708 8.874117851257324 2.70298171043396 8.837889671325684 4.955504894256592 4.955504894256592
0.5490483162518301 2.3700830936431885 4.5500335693359375 3.0237510204315186 9.265416145324707 4.966151237487793 4.966151237487793
0.5496339677891654 3.9914937019348145 7.622278213500977 3.036818027496338 6.888608932495117 5.686578273773193 5.686578273773193
0.5502196193265008 3.403535842895508 5.72484016418457 3.2427539825439453 7.665548324584961 6.798989295959473 6.798989295959473
0.550805270863836 2.8398537635803223 6.6359076499938965 3.8669679164886475 8.595645904541016 5.079902172088623 5.079902172088623
0.5513909224011713 3.9345061779022217 6.908227920532227 4.092148303985596 5.666053771972656 6.092698097229004 6.092698097229004
0.5519765739385066 3.486513137817383 4.094474792480469 3.475830554962158 6.7114973068237305 5.72278356552124 5.72278356552124
0.5525622254758419 3.9313573837280273 7.824387073516846 2.3490352630615234 7.635168552398682 6.034325122833252 6.034325122833252
0.5531478770131771 3.477850914001465 7.6284918785095215 2.158649444580078 5.826308250427246 5.22797155380249 5.22797155380249
0.5537335285505125 3.7580301761627197 3.673102855682373 3.011547088623047 7.856268405914307 5.641734600067139 5.641734600067139
0.5543191800878478 3.5545694828033447 6.361324310302734 2.9277565479278564 4.178419589996338 5.617348670959473 5.617348670959473
0.554904831625183 2.56866455078125 5.474564552307129 3.353126049041748 4.802298545837402 5.901235103607178 5.901235103607178
0.5554904831625183 3.4132416248321533 7.127266883850098 3.720438003540039 3.796597719192505 4.843868255615234 4.843868255615234
0.5560761346998536 3.348062515258789 6.021788120269775 2.729858875274658 9.011747360229492 4.573980331420898 4.573980331420898
0.5566617862371889 3.7832319736480713 5.788987159729004 3.6853346824645996 5.129169464111328 5.585779666900635 5.585779666900635
0.5572474377745241 4.378838062286377 8.325047492980957 4.423084735870361 7.51168966293335 4.870102405548096 4.870102405548096
0.5578330893118595 3.262352466583252 6.419038772583008 3.220871925354004 5.903726100921631 5.569645404815674 5.569645404815674
0.5584187408491947 3.0255861282348633 7.045634746551514 3.683109998703003 8.387674331665039 5.966829776763916 5.966829776763916
0.55900439238653 2.471426486968994 7.150882720947266 3.099907159805298 6.077996253967285 6.612335681915283 6.612335681915283
0.5595900439238654 2.9799413681030273 5.903116226196289 3.348090887069702 9.789800643920898 4.275223255157471 4.275223255157471
0.5601756954612006 3.7469322681427 5.754291534423828 1.5022883415222168 6.737122058868408 4.475412845611572 4.475412845611572
0.5607613469985359 3.9691238403320312 7.238888740539551 2.846017360687256 8.407868385314941 5.470453262329102 5.470453262329102
0.5613469985358711 2.998443126678467 7.19155216217041 2.610450029373169 6.530299663543701 4.140414237976074 4.140414237976074
0.5619326500732065 3.0293118953704834 5.486012935638428 3.578172445297241 8.045446395874023 4.908475399017334 4.908475399017334
0.5625183016105417 3.1882665157318115 8.838808059692383 2.627333641052246 8.049796104431152 4.154568195343018 4.154568195343018
0.563103953147877 3.565096855163574 7.701591968536377 3.412024974822998 8.682890892028809 5.577211380004883 5.577211380004883
0.5636896046852123 3.747851848602295 5.2457594871521 3.0778603553771973 8.632707595825195 6.482166290283203 6.482166290283203
0.5642752562225476 2.9432899951934814 5.445784091949463 3.503840923309326 5.892894268035889 5.473351001739502 5.473351001739502
0.5648609077598828 3.6280288696289062 6.230557918548584 3.4328482151031494 5.400902271270752 5.811625003814697 5.811625003814697
0.5654465592972182 3.9721717834472656 6.577868461608887 3.7779345512390137 7.7323784828186035 5.3930206298828125 5.3930206298828125
0.5660322108345535 3.6152939796447754 7.545588493347168 3.131871223449707 7.547719478607178 5.138503074645996 5.138503074645996
0.5666178623718887 3.763730049133301 3.866934061050415 3.689429759979248 8.913817405700684 4.504635334014893 4.504635334014893
0.567203513909224 3.2429304122924805 5.273736953735352 3.919928789138794 6.978507041931152 7.105916976928711 7.105916976928711
0.5677891654465593 3.580754041671753 2.613671064376831 2.6606996059417725 9.044212341308594 6.407172679901123 6.407172679901123
0.5683748169838946 3.113680124282837 6.140038967132568 3.6914501190185547 8.487114906311035 3.5072057247161865 3.5072057247161865
0.5689604685212298 2.0586066246032715 7.021482467651367 3.4710443019866943 5.156912326812744 5.597967147827148 5.597967147827148
0.5695461200585652 3.3140745162963867 6.938970565795898 3.1139674186706543 8.247082710266113 5.0455522537231445 5.0455522537231445
0.5701317715959004 2.5786657333374023 5.7745890617370605 3.9289588928222656 8.444772720336914 5.366892337799072 5.366892337799072
0.5707174231332357 2.278904438018799 6.743112564086914 3.1784448623657227 9.541119575500488 5.284932613372803 5.284932613372803
0.5713030746705711 3.7265849113464355 5.195680141448975 3.8832294940948486 5.807496070861816 5.473994255065918 5.473994255065918
0.5718887262079063 3.4683501720428467 6.015802383422852 3.0615270137786865 6.983547687530518 4.252292633056641 4.252292633056641
0.5724743777452416 4.1362738609313965 4.962219715118408 2.6692702770233154 11.148417472839355 6.021744251251221 6.021744251251221
0.5730600292825768 2.726379871368408 6.253322601318359 3.922790765762329 5.586289405822754 3.6740520000457764 3.6740520000457764
0.5736456808199122 3.8169310092926025 6.526665687561035 4.397029399871826 7.909673690795898 5.191695213317871 5.191695213317871
0.5742313323572474 3.2725656032562256 7.728386402130127 3.6011552810668945 5.892117500305176 6.166322708129883 6.166322708129883
0.5748169838945827 3.321134328842163 5.388833522796631 3.36254620552063 5.689213275909424 6.537349700927734 6.537349700927734
0.575402635431918 4.136476039886475 3.618823766708374 3.689862012863159 8.789913177490234 4.877809047698975 4.877809047698975
0.5759882869692533 3.2159571647644043 7.387502193450928 2.3894591331481934 7.68653678894043 4.9164018630981445 4.9164018630981445
0.5765739385065886 3.049618721008301 6.349643230438232 2.790344476699829 7.002736568450928 5.8204874992370605 5.8204874992370605
0.5771595900439239 3.5237085819244385 6.89581298828125 4.110500335693359 9.433796882629395 3.5038998126983643 3.5038998126983643
0.5777452415812592 3.6159586906433105 6.72767448425293 3.270322322845459 6.9272918701171875 5.556483745574951 5.556483745574951
0.5783308931185944 2.937293529510498 5.994021415710449 2.851560592651367 8.143539428710938 5.755348205566406 5.755348205566406
0.5789165446559297 2.8185129165649414 6.881402969360352 2.494255304336548 5.688694477081299 5.255640506744385 5.255640506744385
0.579502196193265 3.629626750946045 5.625290870666504 3.3479371070861816 6.753418922424316 4.198977947235107 4.198977947235107
0.5800878477306003 3.0822317600250244 6.521292209625244 2.817744731903076 7.836548328399658 4.840031147003174 4.840031147003174
0.5806734992679355 3.8602328300476074 7.225885391235352 3.800534248352051 6.233064651489258 4.507742881774902 4.507742881774902
0.5812591508052709 2.6969869136810303 5.759041786193848 2.9487814903259277 6.485196590423584 3.18472957611084 3.18472957611084
0.5818448023426062 3.024094820022583 4.338499546051025 3.255361318588257 4.373668193817139 4.254624366760254 4.254624366760254
0.5824304538799414 2.724318027496338 5.034906387329102 2.853602409362793 7.3062920570373535 5.310013294219971 5.310013294219971
0.5830161054172768 2.604522705078125 6.8406453132629395 3.0401611328125 6.674154281616211 7.321400165557861 7.321400165557861
0.583601756954612 3.057473659515381 6.086064338684082 3.6000454425811768 8.830678939819336 3.4621431827545166 3.4621431827545166
0.5841874084919473 3.798269748687744 6.4605512619018555 2.554185628890991 6.499239921569824 5.121784210205078 5.121784210205078
0.5847730600292825 3.388190507888794 7.584277153015137 2.907566785812378 4.94824743270874 4.654119491577148 4.654119491577148
0.5853587115666179 4.066651344299316 6.397587776184082 1.6505292654037476 6.2041192054748535 4.237641334533691 4.237641334533691
0.5859443631039531 3.1519885063171387 5.108487129211426 3.139608144760132 5.47971773147583 5.641406059265137 5.641406059265137
0.5865300146412884 2.4348881244659424 5.9520392417907715 3.5898618698120117 6.644286155700684 4.140904903411865 4.140904903411865
0.5871156661786238 2.973468542098999 8.089096069335938 1.321855902671814 7.370171070098877 5.396631240844727 5.396631240844727
0.587701317715959 2.8319334983825684 1.7906780242919922 3.9872140884399414 5.339669227600098 3.2827703952789307 3.2827703952789307
0.5882869692532943 2.508124351501465 6.1102728843688965 3.672194004058838 5.133631229400635 3.3986294269561768 3.3986294269561768
0.5888726207906296 2.9792513847351074 8.36273193359375 2.738065242767334 1.4477307796478271 4.238929271697998 4.238929271697998
0.5894582723279649 2.9596598148345947 1.2508633136749268 2.4799041748046875 7.0351338386535645 4.558837890625 4.558837890625
0.5900439238653001 2.2083072662353516 4.786237716674805 2.4875168800354004 6.1367316246032715 3.931391716003418 3.931391716003418
0.5906295754026354 3.990152597427368 4.0600905418396 3.268937349319458 8.16238021850586 5.15115213394165 5.15115213394165
0.5912152269399708 2.4320743083953857 7.1493120193481445 3.2687296867370605 8.081708908081055 4.051647663116455 4.051647663116455
0.591800878477306 2.5749411582946777 6.26168966293335 2.7171127796173096 4.9542717933654785 6.313664436340332 6.313664436340332
0.5923865300146413 1.8409143686294556 7.042828559875488 3.6667959690093994 5.11867094039917 5.327066898345947 5.327066898345947
0.5929721815519766 3.0162174701690674 4.422270774841309 2.995918035507202 7.317182540893555 3.4311575889587402 3.4311575889587402
0.5935578330893119 3.4187605381011963 4.929966926574707 3.48630690574646 9.284318923950195 2.5457828044891357 2.5457828044891357
0.5941434846266471 2.2934694290161133 3.4980366230010986 2.1130619049072266 8.615167617797852 3.933551073074341 3.933551073074341
0.5947291361639825 3.3797507286071777 4.0428338050842285 2.9212698936462402 7.842405319213867 4.408176898956299 4.408176898956299
0.5953147877013177 3.248760938644409 4.758664131164551 2.2476565837860107 6.671703815460205 3.6024489402770996 3.6024489402770996
0.595900439238653 2.737987995147705 6.125320911407471 3.1490445137023926 8.050250053405762 3.776501417160034 3.776501417160034
0.5964860907759882 2.7557902336120605 7.234379768371582 2.6621036529541016 5.261639595031738 5.79370641708374 5.79370641708374
0.5970717423133236 3.4037652015686035 4.717958450317383 2.5527515411376953 7.50201416015625 5.3298659324646 5.3298659324646
0.5976573938506589 2.9875898361206055 6.952861309051514 2.891105890274048 6.269545078277588 1.0459198951721191 1.0459198951721191
0.5982430453879941 2.9464707374572754 6.060376167297363 3.202082872390747 7.00587797164917 5.40854549407959 5.40854549407959
0.5988286969253295 2.956125497817993 4.988701820373535 1.0862659215927124 6.0847320556640625 4.997304439544678 4.997304439544678
0.5994143484626647 2.424891710281372 2.312155246734619 2.4381344318389893 9.136564254760742 5.285373687744141 5.285373687744141
0.6 3.360656261444092 6.243124961853027 2.6689164638519287 7.445461750030518 2.3223469257354736 2.3223469257354736
0.6005856515373352 2.8329732418060303 5.73328971862793 2.6662323474884033 3.184636116027832 4.900654315948486 4.900654315948486
0.6011713030746706 3.9423749446868896 6.795344352722168 2.4182960987091064 6.455792427062988 4.203901767730713 4.203901767730713
0.6017569546120058 2.45981502532959 5.018345355987549 2.6049232482910156 6.994211673736572 3.308770179748535 3.308770179748535
0.6023426061493411 3.013000965118408 7.697035789489746 2.4959959983825684 5.640552520751953 4.019123077392578 4.019123077392578
0.6029282576866765 3.336350202560425 4.8622918128967285 2.3373162746429443 8.10393238067627 6.073390483856201 6.073390483856201
0.6035139092240117 2.6517395973205566 6.234992980957031 2.5436902046203613 3.9217581748962402 5.004573345184326 5.004573345184326
0.604099560761347 2.3640429973602295 5.746307373046875 3.2413456439971924 7.172779560089111 5.510200023651123 5.510200023651123
0.6046852122986823 2.756991386413574 7.064253807067871 3.1551082134246826 5.128380298614502 5.829745292663574 5.829745292663574
0.6052708638360176 3.7514054775238037 0 2.6060879230499268 6.828803539276123 3.5909476280212402 3.5909476280212402
0.6058565153733528 1.4335564374923706 4.782245635986328 2.1312952041625977 7.802398204803467 4.517075061798096 4.517075061798096
0.6064421669106881 3.607177495956421 6.102503299713135 2.89690899848938 4.343308925628662 3.1618409156799316 3.1618409156799316
0.6070278184480234 3.302034378051758 3.7258193492889404 2.6046669483184814 6.119053840637207 4.06800651550293 4.06800651550293
0.6076134699853587 2.67753005027771 4.531774520874023 2.2126286029815674 8.37630844116211 4.629565715789795 4.629565715789795
0.608199121522694 3.052676200866699 5.370549201965332 3.439842462539673 7.435041427612305 4.599503517150879 4.599503517150879
0.6087847730600293 1.6655267477035522 4.674591541290283 2.3428685665130615 6.476314544677734 4.796903610229492 4.796903610229492
0.6093704245973646 3.942659378051758 7.594249725341797 3.3098225593566895 5.302361965179443 3.910012722015381 3.910012722015381
0.6099560761346998 2.692124128341675 3.581357002258301 2.4497084617614746 0 4.376595497131348 4.376595497131348
0.6105417276720352 1.6303119659423828 5.398394584655762 2.8290109634399414 7.119312286376953 2.096855878829956 2.096855878829956
0.6111273792093704 2.545074701309204 6.0505523681640625 2.4494407176971436 5.059025287628174 4.8480095863342285 4.8480095863342285
0.6117130307467057 3.5615437030792236 6.792112350463867 3.3656442165374756 7.011784553527832 3.693114995956421 3.693114995956421
0.6122986822840409 2.4377527236938477 2.8514702320098877 2.8371660709381104 5.697754859924316 5.909637928009033 5.909637928009033
0.6128843338213763 2.9288558959960938 4.670996189117432 3.232348680496216 5.341423034667969 5.759504795074463 5.759504795074463
0.6134699853587116 2.370429277420044 6.036160469055176 2.5676167011260986 8.000661849975586 4.934952259063721 4.934952259063721
0.6140556368960468 2.3259503841400146 6.9735541343688965 3.0391221046447754 3.834012746810913 4.058648109436035 4.058648109436035
0.6146412884333822 2.7088520526885986 5.761691093444824 3.2977190017700195 5.001195430755615 4.282512187957764 4.282512187957764
0.6152269399707174 2.2879574298858643 4.811298370361328 1.8282345533370972 7.706776142120361 4.437530994415283 4.437530994415283
0.6158125915080527 2.6718943119049072 5.558014392852783 2.538940906524658 3.8221144676208496 3.1878840923309326 3.1878840923309326
0.616398243045388 2.769552707672119 4.591270446777344 1.9844268560409546 4.014824867248535 3.5731725692749023 3.5731725692749023
0.6169838945827233 1.128368854522705 5.9001994132995605 2.039604902267456 1.952439308166504 4.44441032409668 4.44441032409668
0.6175695461200585 2.568962335586548 4.2255706787109375 2.704080820083618 2.9629414081573486 3.3198323249816895 3.3198323249816895
0.6181551976573938 3.459552764892578 5.533746719360352 3.681959629058838 7.07175350189209 3.6097490787506104 3.6097490787506104
0.6187408491947292 2.2867932319641113 4.015144348144531 2.6489510536193848 7.039567947387695 4.063072681427002 4.063072681427002
0.6193265007320644 2.8274269104003906 6.467961311340332 2.851952314376831 5.670110702514648 0.7968223690986633 0.7968223690986633
0.6199121522693997 2.2730355262756348 0 2.579787492752075 2.2636220455169678 3.7194700241088867 3.7194700241088867
0.620497803806735 2.907881021499634 7.49644136428833 2.4157795906066895 5.5070977210998535 4.596805572509766 4.596805572509766
0.6210834553440703 2.1451332569122314 3.0747039318084717 2.545949935913086 8.5842866897583 1.3686933517456055 1.3686933517456055
0.6216691068814055 1.9970098733901978 3.3955538272857666 1.5770719051361084 6.015738487243652 3.998155117034912 3.998155117034912
0.6222547584187409 2.384136199951172 5.798276424407959 3.2400472164154053 5.720727443695068 4.900228977203369 4.900228977203369
0.6228404099560761 2.3707640171051025 1.9209458827972412 2.9403107166290283 6.339662551879883 4.981623649597168 4.981623649597168
0.6234260614934114 3.1313083171844482 2.9045798778533936 2.5017778873443604 6.068037986755371 5.944461822509766 5.944461822509766
0.6240117130307467 2.3282887935638428 0.8754010200500488 1.4330774545669556 6.211279392242432 3.6795051097869873 3.6795051097869873
0.624597364568082 2.524644374847412 7.167572498321533 2.751084566116333 3.4858264923095703 3.6246821880340576 3.6246821880340576
0.6251830161054173 2.827731132507324 5.016396999359131 2.6181070804595947 5.324660778045654 0 0
0.6257686676427525 2.825141191482544 4.209392547607422 2.088162899017334 5.619495391845703 4.329206466674805 4.329206466674805
0.6263543191800879 2.16520094871521 2.0899715423583984 1.0491844415664673 6.261848449707031 3.41928768157959 3.41928768157959
0.6269399707174231 2.5988850593566895 5.0507659912109375 2.6051840782165527 1.384384036064148 3.047475814819336 3.047475814819336
0.6275256222547584 2.801055669784546 0 3.0836479663848877 3.946934700012207 2.9426276683807373 2.9426276683807373
0.6281112737920937 1.4458047151565552 6.146490097045898 2.5209600925445557 5.724551200866699 5.359045505523682 5.359045505523682
0.628696925329429 3.3811962604522705 0 2.652801752090454 4.888486385345459 3.276461362838745 3.276461362838745
0.6292825768667643 2.791616201400757 6.088560104370117 2.52311635017395 7.870866298675537 2.7677512168884277 2.7677512168884277
0.6298682284040995 0.35049208998680115 4.932767868041992 1.546773910522461 7.070024013519287 5.030570030212402 5.030570030212402
0.6304538799414349 0.6151506900787354 6.356501579284668 2.4787418842315674 3.8591368198394775 5.128787994384766 5.128787994384766
0.6310395314787701 3.82363224029541 5.514790058135986 1.9105236530303955 3.780367136001587 2.8222501277923584 2.8222501277923584
0.6316251830161054 2.3466875553131104 6.645834445953369 3.096463441848755 7.056881904602051 4.233646869659424 4.233646869659424
0.6322108345534407 2.6612918376922607 3.5808990001678467 2.9632980823516846 6.8463287353515625 5.593797206878662 5.593797206878662
0.632796486090776 3.2171406745910645 4.570589542388916 2.779395580291748 4.967957496643066 4.081652641296387 4.081652641296387
0.6333821376281112 3.9163784980773926 5.137823104858398 3.274477481842041 5.2981367111206055 2.015791654586792 2.015791654586792
0.6339677891654466 3.2228994369506836 2.184440851211548 2.9124557971954346 4.894888877868652 3.1147353649139404 3.1147353649139404
0.6345534407027819 2.7095890045166016 5.746699810028076 3.957892417907715 5.633939743041992 5.043359756469727 5.043359756469727
0.6351390922401171 2.8320844173431396 3.721759557723999 2.9290318489074707 4.092201232910156 4.557688236236572 4.557688236236572
0.6357247437774524 0.9239333868026733 2.556859254837036 2.609267473220825 4.37359094619751 2.5925791263580322 2.5925791263580322
0.6363103953147877 1.619777798652649 4.3626885414123535 0 7.200925350189209 3.3922581672668457 3.3922581672668457
0.636896046852123 2.4321095943450928 6.224391460418701 3.1057605743408203 3.0261199474334717 3.0438010692596436 3.0438010692596436
0.6374816983894582 2.566149950027466 0 2.2282555103302 5.194358825683594 4.169888496398926 4.169888496398926
0.6380673499267936 2.1256067752838135 5.079428195953369 1.889091968536377 3.631420850753784 4.049618244171143 4.049618244171143
0.6386530014641288 2.384316921234131 2.6377458572387695 3.45590877532959 1.4211719036102295 6.0379252433776855 6.0379252433776855
0.6392386530014641 1.6959773302078247 6.979589462280273 2.8364357948303223 5.314746379852295 3.2502076625823975 3.2502076625823975
0.6398243045387995 2.1242916584014893 4.842965602874756 1.858290433883667 4.297900199890137 5.574761867523193 5.574761867523193
0.6404099560761347 1.6687039136886597 0 2.9780051708221436 3.368905782699585 4.308068752288818 4.308068752288818
0.64099560761347 2.3126559257507324 3.4417710304260254 2.9716968536376953 4.341880798339844 3.599266529083252 3.599266529083252
0.6415812591508052 2.264162302017212 5.927648544311523 2.259172201156616 2.670281171798706 3.5656991004943848 3.5656991004943848
0.6421669106881406 2.1711978912353516 4.7952094078063965 1.9666969776153564 3.6260311603546143 3.3400299549102783 3.3400299549102783
0.6427525622254758 3.361443281173706 3.72841477394104 3.5288851261138916 0 4.066694259643555 4.066694259643555
0.6433382137628111 3.2340075969696045 7.216141700744629 2.5405285358428955 4.138526916503906 4.114561080932617 4.114561080932617
0.6439238653001464 1.6457056999206543 6.352335453033447 3.034505844116211 2.710765838623047 1.0181233882904053 1.0181233882904053
0.6445095168374817 3.1641950607299805 3.9637699127197266 2.3019299507141113 0 3.3852202892303467 3.3852202892303467
0.645095168374817 1.1201950311660767 4.031473159790039 1.8594396114349365 7.36578893661499 1.844974398612976 1.844974398612976
0.6456808199121523 2.2683980464935303 4.078664779663086 3.4466171264648438 4.618296146392822 3.4782485961914062 3.4782485961914062
0.6462664714494876 2.718564748764038 5.626737117767334 2.6866703033447266 6.05073881149292 0 0
0.6468521229868228 1.6280933618545532 3.6572797298431396 2.4771029949188232 3.819335699081421 2.4863104820251465 2.4863104820251465
0.6474377745241581 1.7278777360916138 3.565337657928467 1.7803771495819092 1.75986647605896 3.8333072662353516 3.8333072662353516
0.6480234260614934 2.29589581489563 1.8701108694076538 2.0301077365875244 4.201233863830566 5.30368185043335 5.30368185043335
0.6486090775988287 1.3783583641052246 6.755882263183594 3.0406856536865234 4.248866081237793 3.5423614978790283 3.5423614978790283
0.6491947291361639 1.5926066637039185 2.9687089920043945 2.5413947105407715 5.344113349914551 3.121320962905884 3.121320962905884
0.6497803806734993 1.2704278230667114 2.944920063018799 2.268101215362549 5.1947126388549805 1.5088292360305786 1.5088292360305786
0.6503660322108346 2.3272645473480225 3.5773606300354004 1.6636279821395874 7.77484130859375 5.114309787750244 5.114309787750244
0.6509516837481698 0.5276221632957458 4.2442731857299805 2.432947874069214 6.075580596923828 5.335107326507568 5.335107326507568
0.6515373352855052 2.220479726791382 4.862846851348877 2.2253363132476807 7.357656478881836 4.4719109535217285 4.4719109535217285
0.6521229868228404 2.703158140182495 4.432482719421387 2.603511333465576 6.618254661560059 4.27460241317749 4.27460241317749
0.6527086383601757 3.2008261680603027 2.484358072280884 2.264322280883789 4.363037109375 5.480457782745361 5.480457782745361
0.6532942898975109 2.248533010482788 2.9725098609924316 2.4736249446868896 1.1287981271743774 4.4853668212890625 4.4853668212890625
0.6538799414348463 3.4460043907165527 3.4742190837860107 2.2632150650024414 8.181106567382812 4.252148151397705 4.252148151397705
0.6544655929721815 0 4.013550758361816 2.2779316902160645 2.3804116249084473 5.142540454864502 5.142540454864502
0.6550512445095168 2.7997937202453613 5.602916717529297 3.3273868560791016 0 4.439401149749756 4.439401149749756
0.6556368960468522 2.7644240856170654 4.215169429779053 2.221256971359253 5.089353561401367 3.269735336303711 3.269735336303711
0.6562225475841874 1.8789986371994019 4.59708309173584 0.8788042664527893 5.7260050773620605 4.004112243652344 4.004112243652344
0.6568081991215227 0.29499948024749756 0 2.7320728302001953 5.7366943359375 2.1204640865325928 2.1204640865325928
0.657393850658858 2.125162363052368 5.254579067230225 1.9483730792999268 0 3.6000306606292725 3.6000306606292725
0.6579795021961933 2.40132737159729 0 1.5993911027908325 0 2.821190118789673 2.821190118789673
0.6585651537335285 2.7243049144744873 0 2.6601312160491943 3.1212148666381836 4.299556255340576 4.299556255340576
0.6591508052708638 2.2067062854766846 5.311716556549072 2.0179288387298584 0 4.1640753746032715 4.1640753746032715
0.6597364568081991 1.987129807472229 5.24143648147583 1.9080501794815063 2.975435733795166 3.6256165504455566 3.6256165504455566
0.6603221083455344 0 1.543250560760498 3.06740140914917 4.373912334442139 1.1466556787490845 1.1466556787490845
0.6609077598828696 2.097289800643921 4.387152671813965 1.123537540435791 2.899030923843384 2.5875065326690674 2.5875065326690674
0.661493411420205 2.20955753326416 0 1.2925055027008057 2.561067581176758 2.523024797439575 2.523024797439575
0.6620790629575403 2.3468306064605713 3.3433072566986084 2.2581562995910645 2.4753854274749756 0 0
0.6626647144948755 2.5778350830078125 0 2.880887269973755 6.199271202087402 4.156919956207275 4.156919956207275
0.6632503660322109 3.484614849090576 2.8980019092559814 2.5379669666290283 5.2617268562316895 2.1645472049713135 2.1645472049713135
0.6638360175695461 2.748467445373535 5.8199310302734375 2.165644884109497 4.276778221130371 3.2862627506256104 3.2862627506256104
0.6644216691068814 1.8132522106170654 0 2.784041166305542 5.893042087554932 2.6458117961883545 2.6458117961883545
0.6650073206442166 1.794663667678833 8.29766845703125 1.2696619033813477 0 1.076797366142273 1.076797366142273
0.665592972181552 2.203895330429077 5.4517340660095215 3.0526607036590576 4.621408939361572 4.60775089263916 4.60775089263916
0.6661786237188873 1.5068445205688477 5.278668403625488 1.9344576597213745 6.634293079376221 4.986991882324219 4.986991882324219
0.6667642752562225 1.765610933303833 4.540484428405762 0.7664914727210999 3.5632762908935547 4.543752193450928 4.543752193450928
0.6673499267935579 2.475879192352295 4.774415493011475 1.6840128898620605 2.151613473892212 2.3927526473999023 2.3927526473999023
0.6679355783308931 2.2554662227630615 4.204329013824463 1.5571184158325195 1.1214475631713867 2.7656607627868652 2.7656607627868652
0.6685212298682284 2.6724581718444824 5.778186321258545 1.3606091737747192 5.846443176269531 3.0342373847961426 3.0342373847961426
0.6691068814055637 2.2835991382598877 4.641678810119629 1.849091649055481 6.14756965637207 0 0
0.669692532942899 1.9837905168533325 2.2456979751586914 1.0323739051818848 0 3.4532289505004883 3.4532289505004883
0.6702781844802342 1.2648169994354248 3.1653895378112793 2.202237367630005 4.720665454864502 2.4439377784729004 2.4439377784729004
0.6708638360175695 3.362952947616577 4.311311721801758 0 5.068202495574951 2.8581767082214355 2.8581767082214355
0.6714494875549049 1.3874186277389526 1.1694016456604004 0 3.753716230392456 4.186389446258545 4.186389446258545
0.6720351390922401 2.1433968544006348 2.8375470638275146 2.4990530014038086 7.061278820037842 3.0902769565582275 3.0902769565582275
0.6726207906295754 2.699615955352783 3.3244597911834717 1.0739381313323975 5.783255100250244 3.3403964042663574 3.3403964042663574
0.6732064421669107 2.842627763748169 1.7232252359390259 1.7511091232299805 7.857082366943359 2.4566152095794678 2.4566152095794678
0.673792093704246 2.458221673965454 6.1758341789245605 2.6721954345703125 3.8594956398010254 3.141266345977783 3.141266345977783
0.6743777452415812 0 2.468360662460327 2.995976686477661 3.0214433670043945 0.8600050806999207 0.8600050806999207
0.6749633967789166 2.6934549808502197 4.17470121383667 0 5.069177150726318 2.8613874912261963 2.8613874912261963
0.6755490483162518 2.7668943405151367 2.898503303527832 1.9600064754486084 4.366323471069336 2.8702633380889893 2.8702633380889893
0.6761346998535871 1.8484448194503784 3.2213597297668457 1.2925305366516113 7.827389717102051 4.9956254959106445 4.9956254959106445
0.6767203513909223 2.2489240169525146 0 2.608027458190918 4.2646284103393555 0 0
0.6773060029282577 0.6497920751571655 1.8924663066864014 1.5520094633102417 5.805232048034668 0 0
0.677891654465593 2.310479164123535 5.213010311126709 1.8138654232025146 6.378341197967529 3.8025734424591064 3.8025734424591064
0.6784773060029282 1.8966281414031982 2.989123582839966 1.7561851739883423 5.384903907775879 2.0736043453216553 2.0736043453216553
0.6790629575402636 1.8241256475448608 4.145378112792969 1.64179527759552 5.102329730987549 3.0769896507263184 3.0769896507263184
0.6796486090775988 2.9428751468658447 2.4888391494750977 2.282924175262451 8.344305038452148 4.172603607177734 4.172603607177734
0.6802342606149341 2.2108399868011475 3.61279034614563 2.174011468887329 0 4.043793201446533 4.043793201446533
0.6808199121522694 1.7439721822738647 2.2060699462890625 2.378566265106201 3.4397685527801514 3.7521286010742188 3.7521286010742188
0.6814055636896047 2.160339832305908 4.672693252563477 2.746727228164673 6.873692989349365 2.70381498336792 2.70381498336792
0.68199121522694 2.974597215652466 5.239983558654785 1.2569447755813599 4.597684383392334 0 0
0.6825768667642752 0.9943765997886658 3.4171037673950195 2.649043083190918 4.450313568115234 3.6646318435668945 3.6646318435668945
0.6831625183016106 2.1514041423797607 2.4058220386505127 0 0 4.399260520935059 4.399260520935059
0.6837481698389458 2.141968250274658 0 3.582272529602051 6.080990791320801 2.9269819259643555 2.9269819259643555
0.6843338213762811 1.8553444147109985 2.986828088760376 1.7289789915084839 5.727736949920654 2.8748619556427 2.8748619556427
0.6849194729136164 3.2537198066711426 5.178410530090332 2.784022569656372 4.008790969848633 3.35422945022583 3.35422945022583
0.6855051244509517 1.199977159500122 3.6785800457000732 2.5877394676208496 4.914265155792236 3.2032713890075684 3.2032713890075684
0.6860907759882869 2.0572164058685303 4.46383810043335 1.6565332412719727 0 2.186188220977783 2.186188220977783
0.6866764275256223 1.6869618892669678 6.192866802215576 1.2363574504852295 0 0 0
0.6872620790629576 1.8232042789459229 3.0678253173828125 1.7936824560165405 0 3.0477776527404785 3.0477776527404785
0.6878477306002928 1.9504621028900146 2.2383527755737305 2.309807062149048 5.152402400970459 0 0
0.6884333821376281 2.422252893447876 3.222994804382324 1.4531866312026978 0 2.265875816345215 2.265875816345215
0.6890190336749634 2.062645196914673 1.7536016702651978 1.0895373821258545 2.6741085052490234 3.096863031387329 3.096863031387329
0.6896046852122987 1.1248983144760132 2.47849178314209 2.4633800983428955 0.899451732635498 3.10823130607605 3.10823130607605
0.6901903367496339 1.79548180103302 3.3210155963897705 2.803642749786377 1.7806288003921509 4.260141372680664 4.260141372680664
0.6907759882869693 2.3670167922973633 0 1.3968448638916016 5.863897323608398 3.8952863216400146 3.8952863216400146
0.6913616398243045 0 4.3193254470825195 0 5.342067718505859 3.22691011428833 3.22691011428833
0.6919472913616398 2.85125470161438 1.7290992736816406 1.7551510334014893 4.824656009674072 3.435149908065796 3.435149908065796
0.6925329428989752 1.8788808584213257 0 1.7439666986465454 4.367013454437256 2.758101463317871 2.758101463317871
0.6931185944363104 1.247698426246643 4.257780075073242 2.018538475036621 2.983370065689087 2.052962064743042 2.052962064743042
0.6937042459736457 2.2333102226257324 0 1.9288333654403687 4.128814697265625 3.27026629447937 3.27026629447937
0.6942898975109809 1.6456315517425537 2.1595964431762695 1.6380025148391724 3.8443098068237305 2.380467653274536 2.380467653274536
0.6948755490483163 1.7410287857055664 4.156506061553955 1.5605652332305908 2.579097032546997 4.115127086639404 4.115127086639404
0.6954612005856515 1.596025824546814 3.932650089263916 0.6301000118255615 2.107598304748535 3.3170595169067383 3.3170595169067383
0.6960468521229868 2.419631004333496 1.0469332933425903 3.043642520904541 5.266170978546143 3.491382360458374 3.491382360458374
0.6966325036603221 1.530182123184204 6.929872989654541 1.2128560543060303 0 2.981658935546875 2.981658935546875
0.6972181551976574 2.1539206504821777 4.9518232345581055 1.8589359521865845 2.337498188018799 4.47762393951416 4.47762393951416
0.6978038067349926 2.3946731090545654 0 2.2064096927642822 0 4.151296138763428 4.151296138763428
0.698389458272328 2.536825180053711 1.3459086418151855 1.536825180053711 4.312648773193359 3.925321578979492 3.925321578979492
0.6989751098096633 2.1889243125915527 2.410942792892456 0 4.7713823318481445 0 0
0.6995607613469985 0.8214812278747559 2.8288183212280273 0.8508633971214294 4.2579755783081055 2.5374438762664795 2.5374438762664795
0.7001464128843338 2.194654703140259 5.167277812957764 2.575118064880371 3.761979341506958 3.6427881717681885 3.6427881717681885
0.7007320644216691 2.211613655090332 7.218277931213379 1.7595564126968384 5.144911766052246 0 0
0.7013177159590044 0.7139119505882263 4.622406005859375 0 1.0652000904083252 4.617897987365723 4.617897987365723
0.7019033674963396 1.8990533351898193 1.0460766553878784 2.2236104011535645 4.574441432952881 3.1513803005218506 3.1513803005218506
0.702489019033675 1.7128716707229614 0 1.4606306552886963 0 2.348775625228882 2.348775625228882
0.7030746705710103 2.0170438289642334 0 1.9798580408096313 3.664071798324585 2.6019203662872314 2.6019203662872314
0.7036603221083455 1.5286282300949097 5.288716793060303 1.00603187084198 5.1631059646606445 0 0
0.7042459736456809 1.3871973752975464 0.5901282429695129 1.8790463209152222 0 1.3577520847320557 1.3577520847320557
0.7048316251830161 1.323344111442566 4.298701763153076 0.724798858165741 0 4.235413551330566 4.235413551330566
0.7054172767203514 1.325240969657898 1.1915342807769775 0 0 3.9186744689941406 3.9186744689941406
0.7060029282576866 1.8990914821624756 0 2.372066020965576 2.204205274581909 2.7534255981445312 2.7534255981445312
0.706588579795022 2.23115873336792 0 1.0320504903793335 5.2745537757873535 0 0
0.7071742313323572 1.6013052463531494 3.3704543113708496 2.378086805343628 3.112227201461792 4.52129602432251 4.52129602432251
0.7077598828696925 2.4337034225463867 0 2.3124496936798096 2.334808826446533 1.0352667570114136 1.0352667570114136
0.7083455344070279 2.2798056602478027 0 1.3295975923538208 2.8600780963897705 3.8811182975769043 3.8811182975769043
0.7089311859443631 1.9642224311828613 5.184185981750488 1.6008204221725464 7.32370138168335 1.8557422161102295 1.8557422161102295
0.7095168374816984 1.9057766199111938 0 1.6509534120559692 4.600274085998535 2.8577589988708496 2.8577589988708496
0.7101024890190337 2.4182417392730713 1.4892754554748535 1.6748567819595337 3.80782151222229 2.427062511444092 2.427062511444092
0.710688140556369 0.657829225063324 2.100529432296753 3.2116799354553223 5.297377109527588 3.3142120838165283 3.3142120838165283
0.7112737920937042 2.7473180294036865 0 2.270037889480591 1.8917646408081055 3.639644145965576 3.639644145965576
0.7118594436310395 1.0916099548339844 3.7337231636047363 2.0131213665008545 3.657513380050659 3.3024959564208984 3.3024959564208984
0.7124450951683748 1.7607440948486328 2.838426351547241 0.48443013429641724 3.654690980911255 2.387679100036621 2.387679100036621
0.7130307467057101 3.227360963821411 3.0518300533294678 1.986000657081604 2.0796406269073486 4.111265659332275 4.111265659332275
0.7136163982430453 2.4634172916412354 6.0787458419799805 0 5.953474044799805 4.047292709350586 4.047292709350586
0.7142020497803807 2.8908512592315674 4.29335880279541 1.530617117881775 5.594266414642334 4.394468784332275 4.394468784332275
0.714787701317716 1.7535854578018188 5.85227632522583 1.4996057748794556 2.8515851497650146 0 0
0.7153733528550512 0.9740298986434937 2.7289328575134277 3.4462015628814697 4.718934535980225 2.4929726123809814 2.4929726123809814
0.7159590043923866 0 0 1.2085914611816406 3.758409261703491 2.115307331085205 2.115307331085205
0.7165446559297218 1.4000542163848877 0 2.6370203495025635 0 3.417818069458008 3.417818069458008
0.7171303074670571 2.168780565261841 2.8932077884674072 2.333827495574951 0 0.9086965322494507 0.9086965322494507
0.7177159590043923 1.8073235750198364 0 2.2449164390563965 2.383356809616089 0 0
0.7183016105417277 0 3.788832902908325 2.560556650161743 6.680640697479248 2.699474573135376 2.699474573135376
0.718887262079063 0.20539410412311554 0 1.80076003074646 2.516618013381958 2.0986015796661377 2.0986015796661377
0.7194729136163982 1.5905669927597046 0.49754494428634644 2.0498099327087402 2.2102317810058594 0 0
0.7200585651537336 1.953856348991394 2.826789379119873 2.4948081970214844 0 3.0895721912384033 3.0895721912384033
0.7206442166910688 2.2613720893859863 2.2437148094177246 1.3857817649841309 1.1569063663482666 1.215584635734558 1.215584635734558
0.7212298682284041 0 2.2819671630859375 1.6622986793518066 2.995779275894165 2.9120588302612305 2.9120588302612305
0.7218155197657394 2.949338436126709 3.996643543243408 2.290839910507202 3.933429002761841 3.9194045066833496 3.9194045066833496
0.7224011713030747 2.4650890827178955 0 0.696567714214325 1.6292177438735962 0 0
0.7229868228404099 1.3616377115249634 0 0 1.273269772529602 3.601942777633667 3.601942777633667
0.7235724743777452 1.9518404006958008 2.5340077877044678 0.9867495894432068 0 4.099386692047119 4.099386692047119
0.7241581259150806 2.033984422683716 4.6899824142456055 1.2935645580291748 2.7716996669769287 3.212197780609131 3.212197780609131
0.7247437774524158 2.8244903087615967 1.3631188869476318 1.4257732629776 7.171604156494141 0 0
0.7253294289897511 2.0927295684814453 2.8820767402648926 0 3.999340057373047 3.4411025047302246 3.4411025047302246
0.7259150805270864 1.3084100484848022 3.5848841667175293 0 5.348966598510742 3.6639156341552734 3.6639156341552734
0.7265007320644217 2.5074596405029297 3.495575428009033 1.0522016286849976 0 4.75532865524292 4.75532865524292
0.7270863836017569 1.4640179872512817 4.557953357696533 0.8670620918273926 7.456642150878906 0 0
0.7276720351390923 1.7525583505630493 5.519279479980469 2.7274863719940186 4.078111171722412 1.2224347591400146 1.2224347591400146
0.7282576866764275 1.9096509218215942 6.036273002624512 1.9744248390197754 4.393295764923096 4.397181510925293 4.397181510925293
0.7288433382137628 2.509831666946411 0 1.9813940525054932 3.8815743923187256 4.73655891418457 4.73655891418457
0.729428989751098 2.692997455596924 4.617117881774902 0.41149336099624634 4.704034328460693 3.4742443561553955 3.4742443561553955
0.7300146412884334 0 5.642142295837402 0 3.92881178855896 2.8091533184051514 2.8091533184051514
0.7306002928257687 1.8751240968704224 4.994402885437012 2.3738255500793457 5.6317973136901855 3.112865924835205 3.112865924835205
0.7311859443631039 2.360262393951416 2.8187782764434814 0.618345320224762 1.889034390449524 2.440606117248535 2.440606117248535
0.7317715959004393 1.7349885702133179 0 0 3.7341420650482178 3.0197231769561768 3.0197231769561768
0.7323572474377745 2.3844192028045654 0.4444636106491089 0 3.550189256668091 3.309206962585449 3.309206962585449
0.7329428989751098 2.137815475463867 3.9672012329101562 0.9065867066383362 5.751035690307617 1.8541195392608643 1.8541195392608643
0.7335285505124451 1.022518277168274 4.970941543579102 2.2366180419921875 3.7849860191345215 2.149566411972046 2.149566411972046
0.7341142020497804 0 0 0.9722718000411987 0 0 0
0.7346998535871156 2.463184118270874 2.4142537117004395 2.1921451091766357 5.522002696990967 1.2644248008728027 1.2644248008728027
0.7352855051244509 0.8435714244842529 1.5036296844482422 2.2632765769958496 5.146826267242432 3.2792718410491943 3.2792718410491943
0.7358711566617863 1.8610955476760864 3.1324496269226074 2.1332874298095703 2.4567813873291016 0 0
0.7364568081991215 2.592090606689453 2.272584915161133 2.0234129428863525 5.16709041595459 4.104897499084473 4.104897499084473
0.7370424597364568 0.037922829389572144 2.814040422439575 0 4.145169258117676 2.9845194816589355 2.9845194816589355
0.7376281112737921 0 4.393381118774414 1.154706597328186 0 2.006195068359375 2.006195068359375
0.7382137628111274 0.8190978765487671 0 0 4.892808437347412 1.5068533420562744 1.5068533420562744
0.7387994143484626 0.9962507486343384 4.72517728805542 2.0089263916015625 2.522507667541504 2.6753664016723633 2.6753664016723633
0.739385065885798 1.1684536933898926 6.63160514831543 2.259645700454712 7.256566047668457 3.422074556350708 3.422074556350708
0.7399707174231333 2.1451733112335205 5.155070781707764 2.1291704177856445 4.02367639541626 0 0
0.7405563689604685 0 2.783069372177124 2.0668299198150635 0 2.689314842224121 2.689314842224121
0.7411420204978038 1.5711698532104492 4.538270950317383 0.9922990202903748 1.1002388000488281 3.011768102645874 3.011768102645874
0.7417276720351391 1.57388436794281 3.574406623840332 0 2.4153530597686768 0 0
0.7423133235724744 2.2591493129730225 3.7208685874938965 1.6232759952545166 4.833201885223389 4.143160343170166 4.143160343170166
0.7428989751098096 0 2.6954879760742188 2.557706594467163 4.590895652770996 0 0
0.743484626647145 1.8108829259872437 3.767436981201172 0.5938816666603088 0 0 0
0.7440702781844802 0.8909226059913635 1.2886866331100464 2.268779754638672 0 4.548800945281982 4.548800945281982
0.7446559297218155 0 3.3799245357513428 1.751876950263977 0 0 0
0.7452415812591509 1.9357813596725464 3.1735751628875732 0 0 2.457127571105957 2.457127571105957
0.7458272327964861 2.5801897048950195 3.093552589416504 2.6804468631744385 5.420341491699219 3.158323287963867 3.158323287963867
0.7464128843338214 2.1579158306121826 0 0 7.285659313201904 0 0
0.7469985358711566 3.0337135791778564 3.121290445327759 0 4.7288055419921875 2.9425318241119385 2.9425318241119385
0.747584187408492 0 2.451751470565796 1.0757606029510498 2.7388663291931152 2.2213754653930664 2.2213754653930664
0.7481698389458272 1.1867351531982422 3.4205024242401123 1.6506205797195435 0 2.9219846725463867 2.9219846725463867
0.7487554904831625 2.72554087638855 3.920957565307617 0 8.172276496887207 1.7935409545898438 1.7935409545898438
0.7493411420204978 0 1.3097271919250488 0.9011402130126953 3.6084766387939453 0 0
0.7499267935578331 1.2728817462921143 1.5466777086257935 0 0 0 0
0.7505124450951683 0 0 1.113315463066101 7.172179698944092 2.7051944732666016 2.7051944732666016
0.7510980966325037 0 4.408594608306885 0 4.6619157791137695 2.478956460952759 2.478956460952759
0.751683748169839 1.2512003183364868 5.2644171714782715 1.5801469087600708 3.803332805633545 2.9258124828338623 2.9258124828338623
0.7522693997071742 2.075786828994751 0 1.5861070156097412 1.9953597784042358 1.4317139387130737 1.4317139387130737
0.7528550512445095 0 3.8824243545532227 0 1.5505402088165283 1.7945382595062256 1.7945382595062256
0.7534407027818448 2.4741098880767822 0 2.1426804065704346 4.882856845855713 0 0
0.7540263543191801 1.833261489868164 3.1390650272369385 0 2.878260850906372 0 0
0.7546120058565153 1.5977481603622437 0 2.695481538772583 0 3.24178147315979 3.24178147315979
0.7551976573938507 3.1410768032073975 4.484622478485107 1.4928584098815918 0 3.2861244678497314 3.2861244678497314
0.755783308931186 1.2591477632522583 6.11716890335083 2.064788579940796 2.4602010250091553 1.4892728328704834 1.4892728328704834
0.7563689604685212 2.3703110218048096 3.4553945064544678 2.783647060394287 0 2.5025956630706787 2.5025956630706787
0.7569546120058566 0 2.940936803817749 1.7047301530838013 4.475855827331543 4.332126140594482 4.332126140594482
0.7575402635431918 2.3666443824768066 0 0 5.131608963012695 0 0
0.7581259150805271 1.9007097482681274 0 1.0384583473205566 0 2.1661274433135986 2.1661274433135986
0.7587115666178623 0.9783869385719299 4.7091169357299805 1.6301188468933105 4.302825927734375 0 0
0.7592972181551977 0.6188201308250427 2.2868549823760986 2.260045051574707 4.339603900909424 3.5290260314941406 3.5290260314941406
0.7598828696925329 0 1.979888916015625 0 4.208341121673584 0 0
0.7604685212298682 2.4461400508880615 2.5033562183380127 2.898505926132202 0.8911216855049133 0.3403596878051758 0.3403596878051758
0.7610541727672036 2.2293620109558105 1.272781252861023 2.905205011367798 0 2.531801462173462 2.531801462173462
0.7616398243045388 1.5181649923324585 2.8277838230133057 2.2700042724609375 2.454713821411133 0 0
0.7622254758418741 1.2584401369094849 4.803230285644531 2.3828980922698975 0 1.241545557975769 1.241545557975769
0.7628111273792094 2.829265832901001 0.911190927028656 1.9853023290634155 4.212141036987305 0 0
0.7633967789165447 2.5524258613586426 2.730137586593628 1.4911543130874634 4.106918811798096 2.1466221809387207 2.1466221809387207
0.7639824304538799 2.5124733448028564 2.1341965198516846 0 1.4865142107009888 0 0
0.7645680819912152 0 0 0.8129787445068359 3.3234612941741943 3.3537585735321045 3.3537585735321045
0.7651537335285505 0.977009654045105 0 2.14924693107605 0 1.0689537525177002 1.0689537525177002
0.7657393850658858 0 5.250489711761475 0 5.588808536529541 0 0
0.766325036603221 2.8926994800567627 0 0 4.604310035705566 2.9798901081085205 2.9798901081085205
0.7669106881405564 1.8466835021972656 0 2.4138972759246826 0 0 0
0.7674963396778917 1.600539207458496 3.071077823638916 2.644538402557373 3.6489665508270264 0 0
0.7680819912152269 1.6921751499176025 6.253582954406738 0 0.8632414937019348 2.03757643699646 2.03757643699646
0.7686676427525623 2.223597526550293 2.103998899459839 2.0189077854156494 4.486979961395264 1.9027647972106934 1.9027647972106934
0.7692532942898975 1.9648418426513672 0 0 1.0603148937225342 0 0
0.7698389458272328 0.6073747873306274 1.7555867433547974 0 0.9394145607948303 2.8730859756469727 2.8730859756469727
0.770424597364568 1.8311710357666016 2.5599560737609863 0 0 0 0
0.7710102489019034 2.5592563152313232 0 1.4901844263076782 3.6683919429779053 0 0
0.7715959004392386 1.9641883373260498 5.091127395629883 0 4.280603885650635 0 0
0.7721815519765739 1.8475148677825928 0 2.783043384552002 3.485053777694702 0 0
0.7727672035139093 1.9618602991104126 5.313525199890137 1.9367762804031372 2.852764844894409 3.57462739944458 3.57462739944458
0.7733528550512445 2.2348291873931885 3.1454689502716064 1.7066233158111572 3.4980342388153076 1.8584433794021606 1.8584433794021606
0.7739385065885798 1.2522531747817993 0 1.357957124710083 1.6541297435760498 0 0
0.7745241581259151 0 0 0 3.2438812255859375 1.6459710597991943 1.6459710597991943
0.7751098096632504 2.5875051021575928 0 2.291166305541992 3.139491558074951 2.3930716514587402 2.3930716514587402
0.7756954612005856 0.981775164604187 0 2.004258394241333 4.053239345550537 1.99504816532135 1.99504816532135
0.7762811127379209 0.7296091914176941 2.7833149433135986 2.132585287094116 2.5025148391723633 2.385917901992798 2.385917901992798
0.7768667642752562 1.1528931856155396 0 1.528402328491211 4.811587333679199 0 0
0.7774524158125915 2.235297679901123 4.336841106414795 2.589487314224243 2.3894965648651123 2.8834052085876465 2.8834052085876465
0.7780380673499268 1.0862202644348145 0 1.684463620185852 3.0180819034576416 0 0
0.7786237188872621 0 0 0 2.6646981239318848 0 0
0.7792093704245974 1.0534950494766235 0 2.3782293796539307 2.926884174346924 2.9299113750457764 2.9299113750457764
0.7797950219619326 2.5631215572357178 0 1.434322714805603 6.2261857986450195 0 0
0.780380673499268 1.4198614358901978 0 2.046048402786255 7.136593341827393 3.8047285079956055 3.8047285079956055
0.7809663250366032 0 3.1028401851654053 1.4280349016189575 3.9810714721679688 0 0
0.7815519765739385 1.882834792137146 2.5226831436157227 0 4.263697147369385 1.9034783840179443 1.9034783840179443
0.7821376281112737 0.3932334780693054 0 2.3103511333465576 3.081235408782959 0 0
0.7827232796486091 0 0 2.0306546688079834 5.1912689208984375 2.172781229019165 2.172781229019165
0.7833089311859444 2.0824508666992188 2.897167205810547 1.4659448862075806 0 2.786914348602295 2.786914348602295
0.7838945827232796 0.5966405272483826 0 2.809945583343506 6.185824871063232 0 0
0.784480234260615 1.793352723121643 0 1.6316158771514893 1.3220478296279907 0 0
0.7850658857979502 1.7434154748916626 5.234364032745361 0 0 2.533949136734009 2.533949136734009
0.7856515373352855 0 5.421192646026611 2.754391670227051 5.238976001739502 0 0
0.7862371888726208 0 2.4139740467071533 0.9052075743675232 3.7133307456970215 0 0
0.7868228404099561 1.1376781463623047 0 0 0 3.244396448135376 3.244396448135376
0.7874084919472913 1.6194138526916504 1.2756223678588867 0.9601472020149231 5.428731441497803 2.693246841430664 2.693246841430664
0.7879941434846266 1.1321775913238525 0 1.7781054973602295 0 2.9009108543395996 2.9009108543395996
0.788579795021962 0 4.1861395835876465 2.4586236476898193 1.8369325399398804 0 0
0.7891654465592972 2.222266674041748 1.958081603050232 0.7577193975448608 4.422986030578613 0 0
0.7897510980966325 0.9863029718399048 5.56158447265625 0 0 2.426481008529663 2.426481008529663
0.7903367496339678 1.110586404800415 0 0 5.975817680358887 0 0
0.7909224011713031 1.6595484018325806 0 0 3.7750182151794434 2.09788179397583 2.09788179397583
0.7915080527086383 1.7159967422485352 0 1.1385060548782349 1.7130142450332642 0.7389733195304871 0.7389733195304871
0.7920937042459737 0 5.473519802093506 1.724068522453308 5.044270992279053 3.3680641651153564 3.3680641651153564
0.792679355783309 1.9233144521713257 0.671272873878479 1.1715754270553589 0 1.404982566833496 1.404982566833496
0.7932650073206442 0.6184902787208557 0 0 2.914384603500366 0 0
0.7938506588579795 0 2.2424206733703613 1.6893515586853027 1.490944504737854 4.500813961029053 4.500813961029053
0.7944363103953148 0.9480847716331482 0 0 1.2858654260635376 0 0
0.7950219619326501 1.3296822309494019 3.8367817401885986 0.8366034626960754 0 0 0
0.7956076134699853 0 4.8076910972595215 1.5624804496765137 0 2.5910379886627197 2.5910379886627197
0.7961932650073207 1.3902615308761597 1.9395544528961182 1.5574809312820435 0 4.599267959594727 4.599267959594727
0.7967789165446559 1.9367989301681519 3.1502022743225098 0.6276859045028687 2.7519233226776123 2.1355295181274414 2.1355295181274414
0.7973645680819912 1.3340258598327637 4.245250225067139 2.1924009323120117 4.40531587600708 0 0
0.7979502196193266 2.3596580028533936 3.8478684425354004 0 0 0 0
0.7985358711566618 0.6057742238044739 4.264281749725342 0 1.6375738382339478 1.245821237564087 1.245821237564087
0.799121522693997 1.9830799102783203 2.47621750831604 1.8431737422943115 0 1.1621471643447876 1.1621471643447876
0.7997071742313323 1.1633577346801758 0 2.332472801208496 0 1.3386075496673584 1.3386075496673584
0.8002928257686677 0 1.9301836490631104 1.7192715406417847 1.0569312572479248 3.417328119277954 3.417328119277954
0.8008784773060029 1.714102864265442 0.16928084194660187 2.110790491104126 4.669782638549805 1.701820969581604 1.701820969581604
0.8014641288433382 1.574559211730957 0 1.3666125535964966 0 1.8067578077316284 1.8067578077316284
0.8020497803806735 1.7557278871536255 4.3001933097839355 0 1.9799814224243164 0 0
0.8026354319180088 0 0 0 3.6177990436553955 2.5261390209198 2.5261390209198
0.803221083455344 0.6286302208900452 3.25079345703125 2.61555814743042 2.269129514694214 0 0
0.8038067349926794 0 0 0 4.289247512817383 1.5509607791900635 1.5509607791900635
0.8043923865300147 2.32475209236145 0 1.5565242767333984 0 0.8657302260398865 0.8657302260398865
0.8049780380673499 1.5270951986312866 3.790149688720703 0.31112366914749146 3.7279105186462402 3.6228220462799072 3.6228220462799072
0.8055636896046852 0 0 0 3.2925052642822266 2.4373998641967773 2.4373998641967773
0.8061493411420205 0 0 1.2391465902328491 3.905972719192505 0 0
0.8067349926793558 2.420076370239258 0 0 4.356732368469238 1.4114271402359009 1.4114271402359009
0.807320644216691 2.541701555252075 4.091814041137695 0 0 3.164045572280884 3.164045572280884
0.8079062957540264 0 0 0.3442988693714142 0 2.8707802295684814 2.8707802295684814
0.8084919472913616 0.9471065402030945 2.242990493774414 1.7386597394943237 3.399871826171875 0 0
0.8090775988286969 1.7065675258636475 1.1002838611602783 1.790634274482727 6.837676525115967 0.5901282429695129 0.5901282429695129
0.8096632503660323 0.9792482852935791 0 1.9451242685317993 3.150972366333008 2.471855401992798 2.471855401992798
0.8102489019033675 1.1510818004608154 0 2.0094523429870605 3.278670310974121 1.3704203367233276 1.3704203367233276
0.8108345534407028 1.1221293210983276 2.9282119274139404 1.5062203407287598 0 1.4877429008483887 1.4877429008483887
0.811420204978038 1.3402736186981201 4.440193176269531 0 0 2.086341619491577 2.086341619491577
0.8120058565153734 0.9294946193695068 3.426149845123291 1.2403727769851685 2.686659574508667 3.136065721511841 3.136065721511841
0.8125915080527086 0 2.976912260055542 1.093973159790039 6.384181499481201 0 0
0.8131771595900439 1.4005227088928223 2.7399497032165527 0 0.8259294033050537 0 0
0.8137628111273792 0 1.3744755983352661 1.336816668510437 4.6839399337768555 3.4324560165405273 3.4324560165405273
0.8143484626647145 1.4453283548355103 3.679112195968628 1.581282377243042 1.4669749736785889 1.084492802619934 1.084492802619934
0.8149341142020498 0 4.688351154327393 0 0 2.9872686862945557 2.9872686862945557
0.8155197657393851 1.2618366479873657 3.411134958267212 0.7978485822677612 0 1.5677766799926758 1.5677766799926758
0.8161054172767204 0 4.862818241119385 0 5.517738342285156 0.3422374427318573 0.3422374427318573
0.8166910688140556 0.9280838370323181 2.967883825302124 1.247323751449585 0 3.734550714492798 3.734550714492798
0.8172767203513909 0 0 3.0261917114257812 6.056979656219482 2.3328375816345215 2.3328375816345215
0.8178623718887262 0 3.9169015884399414 0 2.8437914848327637 4.029534816741943 4.029534816741943
0.8184480234260615 1.446411371231079 3.9797134399414062 0 0.6947910785675049 3.260897636413574 3.260897636413574
0.8190336749633967 0 3.6807892322540283 1.308780312538147 1.6318473815917969 4.445011138916016 4.445011138916016
0.8196193265007321 1.4153351783752441 0 0.1504666954278946 0.18857520818710327 0 0
0.8202049780380674 1.9890379905700684 0 2.3644423484802246 0 2.8459906578063965 2.8459906578063965
0.8207906295754026 0 2.016075372695923 0 2.905001401901245 3.387303352355957 3.387303352355957
0.821376281112738 2.1469171047210693 4.3271379470825195 0.18814991414546967 6.827451705932617 0 0
0.8219619326500732 0 5.796069622039795 1.7246414422988892 0 2.506204128265381 2.506204128265381
0.8225475841874085 1.877203106880188 5.8843865394592285 2.021972179412842 0 0 0
0.8231332357247437 2.049511432647705 0 1.3114081621170044 5.088534355163574 0.17632295191287994 0.17632295191287994
0.8237188872620791 0.23800092935562134 3.298957109451294 0 5.016962051391602 2.754676342010498 2.754676342010498
0.8243045387994143 1.977060317993164 0 0 0 0 0
0.8248901903367496 1.2046396732330322 4.560313701629639 1.6121529340744019 4.766939163208008 0.36807987093925476 0.36807987093925476
0.825475841874085 0 0 0 1.3983392715454102 3.8146376609802246 3.8146376609802246
0.8260614934114202 0.9298393130302429 3.7348110675811768 0.7209544777870178 3.068875789642334 0 0
0.8266471449487555 0.9280139207839966 3.3353347778320312 3.1112594604492188 0 0 0
0.8272327964860908 1.3246090412139893 4.089113235473633 0 0 0 0
0.8278184480234261 0.8524087071418762 2.318434238433838 1.5426980257034302 3.2188353538513184 3.0846824645996094 3.0846824645996094
0.8284040995607613 0 0 0 4.24983024597168 0 0
0.8289897510980966 2.2256593704223633 2.9300339221954346 0 0 1.929256558418274 1.929256558418274
0.829575402635432 1.8197875022888184 0 0 0 1.261298418045044 1.261298418045044
0.8301610541727672 0.5465156435966492 0 0 3.9345760345458984 0 0
0.8307467057101025 1.5487172603607178 0 1.16555917263031 0 3.91573166847229 3.91573166847229
0.8313323572474378 0.8337830901145935 0 0 0.49941983819007874 0 0
0.8319180087847731 0 5.086850166320801 0 0 0 0
0.8325036603221083 0.9677729606628418 0 0.11936454474925995 0 0 0
0.8330893118594437 0 5.323427677154541 1.4877480268478394 5.623789310455322 0 0
0.8336749633967789 0 0 1.0742063522338867 0 3.2810187339782715 3.2810187339782715
0.8342606149341142 0.9609573483467102 2.8615126609802246 1.8652937412261963 0 3.6544811725616455 3.6544811725616455
0.8348462664714494 0 0 0 2.2914743423461914 2.126706600189209 2.126706600189209
0.8354319180087848 1.257568359375 3.182291030883789 1.47471022605896 0 3.4307727813720703 3.4307727813720703
0.83601756954612 1.7857106924057007 1.4857209920883179 0 5.770167827606201 0 0
0.8366032210834553 1.1881792545318604 1.105927586555481 1.5802205801010132 7.336991310119629 0 0
0.8371888726207907 1.4595659971237183 4.752074718475342 1.3388084173202515 0 0 0
0.8377745241581259 1.9842923879623413 0 0 0 2.2623090744018555 2.2623090744018555
0.8383601756954612 0 0 0 1.1063345670700073 2.0965120792388916 2.0965120792388916
0.8389458272327965 0.8952921628952026 2.251086473464966 0 4.345863342285156 0.8662059903144836 0.8662059903144836
0.8395314787701318 1.4507670402526855 3.187717914581299 1.9458389282226562 0 0 0
0.840117130307467 2.220905065536499 3.5690696239471436 0 3.3409767150878906 1.508401870727539 1.508401870727539
0.8407027818448023 1.7198493480682373 0 1.5990118980407715 5.799192905426025 0 0
0.8412884333821377 1.5186246633529663 0.1550244837999344 1.5943901538848877 0 4.39168643951416 4.39168643951416
0.8418740849194729 2.0189294815063477 1.8369262218475342 0.3847210109233856 0 2.3900041580200195 2.3900041580200195
0.8424597364568082 1.519442081451416 4.807384014129639 1.0808531045913696 3.8112950325012207 2.885028123855591 2.885028123855591
0.8430453879941435 1.6215137243270874 3.1610422134399414 1.045279622077942 3.9215519428253174 1.2460508346557617 1.2460508346557617
0.8436310395314788 0.9630371928215027 1.7896252870559692 1.7472294569015503 2.6059489250183105 2.673258066177368 2.673258066177368
0.844216691068814 0.5291239023208618 1.8757994174957275 1.2928669452667236 0 2.0884742736816406 2.0884742736816406
0.8448023426061494 0 2.8251330852508545 2.646397113800049 0 1.3929082155227661 1.3929082155227661
0.8453879941434846 2.4479031562805176 1.6006451845169067 1.5364937782287598 0 1.013319969177246 1.013319969177246
0.8459736456808199 0 0 2.2464818954467773 0 0 0
0.8465592972181551 0 0 0 0 2.3202006816864014 2.3202006816864014
0.8471449487554905 0 2.498180389404297 1.4274858236312866 0 0 0
0.8477306002928258 1.441186547279358 3.8851304054260254 0 2.845541477203369 2.8680601119995117 2.8680601119995117
0.848316251830161 2.120720624923706 0 0 0 0 0
0.8489019033674964 2.1876919269561768 2.3716535568237305 0 0 2.5415191650390625 2.5415191650390625
0.8494875549048316 1.2639118432998657 3.617145299911499 2.6755096912384033 3.8597910404205322 0 0
0.8500732064421669 1.77009916305542 0 0 4.504911422729492 2.8045201301574707 2.8045201301574707
0.8506588579795022 1.4847655296325684 0 0.6517587304115295 0 1.68685781955719 1.68685781955719
0.8512445095168375 1.7995331287384033 3.6938257217407227 0 4.072206020355225 0.26971518993377686 0.26971518993377686
0.8518301610541728 1.7556192874908447 0 1.9330028295516968 0 0 0
0.852415812591508 0 0 0 4.374399185180664 0.837396502494812 0.837396502494812
0.8530014641288434 0 3.3149313926696777 0 1.1605310440063477 0 0
0.8535871156661786 2.0359883308410645 2.0752005577087402 0 3.9250028133392334 0 0
0.8541727672035139 0.9683758616447449 0 0 0 0 0
0.8547584187408492 1.9273544549942017 0 0 0 2.583589553833008 2.583589553833008
0.8553440702781845 1.7003363370895386 2.986229181289673 0 4.558120250701904 0 0
0.8559297218155197 1.5484451055526733 0 0 2.4186408519744873 0 0
0.8565153733528551 0 0.6717557311058044 0.8020616769790649 2.8882434368133545 1.2061017751693726 1.2061017751693726
0.8571010248901904 0 0 1.0878783464431763 3.2264962196350098 1.4311275482177734 1.4311275482177734
0.8576866764275256 0 0 0 3.6925551891326904 2.2835347652435303 2.2835347652435303
0.8582723279648609 0 0 0 3.958110809326172 0 0
0.8588579795021962 0.6285786032676697 3.0602333545684814 0 0 4.997981548309326 4.997981548309326
0.8594436310395315 0 0 0 0 0 0
0.8600292825768667 0.6709290146827698 0 0 3.5665323734283447 0.8516207337379456 0.8516207337379456
0.8606149341142021 1.537632942199707 0 0.4478068947792053 2.9270079135894775 0 0
0.8612005856515373 0.9828760623931885 0 0.6129888296127319 3.880741834640503 2.2677152156829834 2.2677152156829834
0.8617862371888726 0.6566364169120789 0 0 5.773040294647217 2.368107557296753 2.368107557296753
0.862371888726208 1.523397445678711 3.9988715648651123 1.037131428718567 0.7952985167503357 3.9136717319488525 3.9136717319488525
0.8629575402635432 1.057813286781311 2.866499662399292 1.5561443567276 0 1.9254781007766724 1.9254781007766724
0.8635431918008785 0 0 0 4.394848823547363 2.841606855392456 2.841606855392456
0.8641288433382137 0 0 0 0 2.1001625061035156 2.1001625061035156
0.8647144948755491 1.141054630279541 2.281848669052124 0 0 0 0
0.8653001464128843 0 1.9388521909713745 1.7398408651351929 5.385244369506836 3.2789320945739746 3.2789320945739746
0.8658857979502196 1.9397019147872925 0 0 0 0 0
0.866471449487555 1.8129545450210571 3.262550115585327 0 1.9980459213256836 0 0
0.8670571010248902 2.0107078552246094 3.924471139907837 1.0978074073791504 0 2.525444269180298 2.525444269180298
0.8676427525622254 0 0 0 0 0 0
0.8682284040995608 0.9653536677360535 2.122361183166504 0 4.118939399719238 2.2505831718444824 2.2505831718444824
0.8688140556368961 1.5579475164413452 0 1.1829553842544556 3.036677837371826 2.779003858566284 2.779003858566284
0.8693997071742313 1.674914836883545 0 1.1818488836288452 6.050926685333252 0 0
0.8699853587115666 1.7209380865097046 0 2.687143087387085 2.503507137298584 0 0
0.8705710102489019 0 2.7021427154541016 0 0 2.0068812370300293 2.0068812370300293
0.8711566617862372 0 0 1.6257357597351074 2.233058214187622 2.4144937992095947 2.4144937992095947
0.8717423133235724 0 1.8923735618591309 0 0 0 0
0.8723279648609078 1.184553861618042 0 0 1.5273736715316772 3.9054431915283203 3.9054431915283203
0.872913616398243 0.9728052616119385 0 0.5361852645874023 0 1.6382167339324951 1.6382167339324951
0.8734992679355783 1.5046087503433228 0 1.080102801322937 7.344326972961426 2.0613622665405273 2.0613622665405273
0.8740849194729137 0 3.8608345985412598 1.7702974081039429 5.000147342681885 0 0
0.8746705710102489 0 0 0.986714780330658 0 0 0
0.8752562225475842 1.27424156665802 1.7652080059051514 0 4.689375400543213 3.2051072120666504 3.2051072120666504
0.8758418740849194 0 0 1.1598570346832275 0 1.766493320465088 1.766493320465088
0.8764275256222548 1.8971420526504517 0 2.070805311203003 5.476500034332275 2.115316390991211 2.115316390991211
0.87701317715959 2.1782054901123047 0 0 4.436279296875 0 0
0.8775988286969253 0 0 0 3.899935245513916 2.844247579574585 2.844247579574585
0.8781844802342607 0.3535533845424652 0 0 3.838275671005249 2.3383026123046875 2.3383026123046875
0.8787701317715959 2.052999258041382 0 0.10048633813858032 0 0 0
0.8793557833089312 0 0 2.0297207832336426 0 3.047412157058716 3.047412157058716
0.8799414348462665 0 0 0 4.694890022277832 0 0
0.8805270863836018 0 0 0.774041473865509 0 2.383118152618408 2.383118152618408
0.881112737920937 0 2.4100139141082764 2.289997100830078 2.5442705154418945 0 0
0.8816983894582723 0.9547345638275146 3.3055219650268555 0.49075543880462646 0.7954615354537964 0 0
0.8822840409956076 1.0266677141189575 1.463006615638733 1.8543983697891235 0 2.720705270767212 2.720705270767212
0.8828696925329429 0 2.2047019004821777 0 0 1.362830638885498 1.362830638885498
0.8834553440702781 0.9802528023719788 2.5092601776123047 0 0 0 0
0.8840409956076135 0 0 2.2225747108459473 2.8471057415008545 2.3210160732269287 2.3210160732269287
0.8846266471449488 2.181119441986084 1.9980230331420898 1.6275485754013062 0 0 0
0.885212298682284 0 0 0 0 2.3257758617401123 2.3257758617401123
0.8857979502196194 1.6992108821868896 0 0 2.170581817626953 0 0
0.8863836017569546 1.107569932937622 1.8917465209960938 1.9519517421722412 3.8781185150146484 0 0
0.8869692532942899 0 0 1.3023126125335693 0 0.8307143449783325 0.8307143449783325
0.8875549048316251 2.256068229675293 3.135420799255371 1.4943333864212036 2.6521496772766113 0 0
0.8881405563689605 0.8953027725219727 1.43710458278656 0.7694197297096252 0 0 0
0.8887262079062958 0 3.5241596698760986 1.8129146099090576 2.4290452003479004 2.5908539295196533 2.5908539295196533
0.889311859443631 0 0.9816197156906128 0 4.906010627746582 3.7218313217163086 3.7218313217163086
0.8898975109809664 1.491158127784729 0 0 2.9755640029907227 1.9731899499893188 1.9731899499893188
0.8904831625183016 0 0 0 0 0 0
0.8910688140556369 0 1.989717721939087 0 0 0 0
0.8916544655929722 0 2.528137445449829 0 2.8796255588531494 2.4491283893585205 2.4491283893585205
0.8922401171303075 0 3.5840678215026855 1.009605050086975 4.086831569671631 0 0
0.8928257686676427 0 1.681768774986267 0 5.006736755371094 1.3123575448989868 1.3123575448989868
0.893411420204978 0.6709773540496826 0 2.1140050888061523 3.074406147003174 0 0
0.8939970717423134 0 2.0542027950286865 2.262538194656372 4.862822532653809 2.9475574493408203 2.9475574493408203
0.8945827232796486 0.7362918853759766 0.7489973306655884 1.6505166292190552 0 0 0
0.8951683748169839 1.3521677255630493 0 0.6222780346870422 3.865468740463257 2.8382179737091064 2.8382179737091064
0.8957540263543192 0.6320343613624573 0 1.904140591621399 4.652471542358398 0 0
0.8963396778916545 0.549092173576355 2.861384868621826 2.018993854522705 0 2.2919869422912598 2.2919869422912598
0.8969253294289897 1.5745712518692017 0 0.94632887840271 0 0 0
0.8975109809663251 0 2.289785623550415 1.3871368169784546 1.7498539686203003 0 0
0.8980966325036603 0 5.480957508087158 1.9293553829193115 0 1.5423974990844727 1.5423974990844727
0.8986822840409956 2.2271878719329834 0 0 0 0.6888912916183472 0.6888912916183472
0.8992679355783308 0 4.08329439163208 0 1.580163836479187 1.4360822439193726 1.4360822439193726
0.8998535871156662 2.3594162464141846 0.890873372554779 0 3.034734010696411 3.6918423175811768 3.6918423175811768
0.9004392386530015 2.1985604763031006 3.438873529434204 0.24845407903194427 0 4.150477409362793 4.150477409362793
0.9010248901903367 1.6626222133636475 3.280132532119751 0 0 2.9092307090759277 2.9092307090759277
0.9016105417276721 1.7395963668823242 0 1.7208062410354614 0 0 0
0.9021961932650073 0 0 0 0 0 0
0.9027818448023426 0 0 1.367759346961975 0 0 0
0.9033674963396779 0.47116485238075256 0 0.7190816402435303 0 4.448906421661377 4.448906421661377
0.9039531478770132 2.019284725189209 0 0 0 0 0
0.9045387994143484 0.5304163694381714 0 0 0 0 0
0.9051244509516837 1.7411963939666748 2.0779120922088623 2.1683127880096436 0 0 0
0.9057101024890191 0 3.215505838394165 1.302101731300354 0 0.7208380699157715 0.7208380699157715
0.9062957540263543 0 2.5646650791168213 0 3.4837257862091064 0 0
0.9068814055636896 0 1.3734732866287231 0 3.654690980911255 0 0
0.9074670571010249 1.1282775402069092 3.7482447624206543 0 3.3094699382781982 0.78653484582901 0.78653484582901
0.9080527086383602 0 3.2428815364837646 1.0725982189178467 0 0 0
0.9086383601756954 0 0 0 1.0093027353286743 0 0
0.9092240117130308 1.5532513856887817 0 0.7014492750167847 5.547511100769043 3.50586199760437 3.50586199760437
0.909809663250366 0 2.1685054302215576 0.26049885153770447 0 2.739027738571167 2.739027738571167
0.9103953147877013 0 0 0.760011613368988 0 2.647609233856201 2.647609233856201
0.9109809663250366 0 2.972883462905884 0 3.2542614936828613 2.130878210067749 2.130878210067749
0.9115666178623719 0 0 0.39020973443984985 0 2.826249599456787 2.826249599456787
0.9121522693997072 2.120025157928467 3.2690749168395996 0 0.9718558192253113 0 0
0.9127379209370424 0.7461730241775513 2.0829031467437744 0 4.216486930847168 0.735055148601532 0.735055148601532
0.9133235724743778 1.3947036266326904 0 0 3.00455379486084 0 0
0.913909224011713 1.4371377229690552 0 0 4.075927257537842 1.6199496984481812 1.6199496984481812
0.9144948755490483 1.5170174837112427 0 0 1.8105037212371826 0 0
0.9150805270863837 1.9716649055480957 0 0 0 3.074965715408325 3.074965715408325
0.9156661786237189 0 1.726317286491394 0.8755709528923035 4.015803813934326 1.425208568572998 1.425208568572998
0.9162518301610542 1.3177804946899414 1.814584493637085 0 0 1.6575899124145508 1.6575899124145508
0.9168374816983894 1.2926117181777954 0 1.2904052734375 1.0744637250900269 1.5093448162078857 1.5093448162078857
0.9174231332357248 2.0715770721435547 0 1.738485336303711 0 0 0
0.91800878477306 1.8778247833251953 2.9027695655822754 1.6645071506500244 0 0 0
0.9185944363103953 0 3.702509880065918 1.524929165840149 0 0 0
0.9191800878477306 0 1.1883317232131958 0 2.733628511428833 2.389772653579712 2.389772653579712
0.9197657393850659 1.3346734046936035 0 0.46739304065704346 2.321398973464966 0 0
0.9203513909224011 0.8792924284934998 0 2.076200246810913 3.736198902130127 0 0
0.9209370424597365 0.9918702840805054 4.220543384552002 0.3829619586467743 4.721482276916504 1.5496861934661865 1.5496861934661865
0.9215226939970718 1.164347529411316 3.6551427841186523 0 1.8921093940734863 2.430849075317383 2.430849075317383
0.922108345534407 0 0 0 0 2.5823354721069336 2.5823354721069336
0.9226939970717423 1.4942759275436401 3.552656412124634 0 2.6180167198181152 0 0
0.9232796486090776 1.0801717042922974 0 0 0 1.8803390264511108 1.8803390264511108
0.9238653001464129 2.062681198120117 3.1257505416870117 0 1.5730624198913574 2.5383036136627197 2.5383036136627197
0.9244509516837481 0.5530552268028259 0.5512727499008179 0 2.605900526046753 0 0
0.9250366032210835 3.1116561889648438 0 0.7542047500610352 0 1.684366226196289 1.684366226196289
0.9256222547584187 1.6783981323242188 0.9780340194702148 0 0 3.159850835800171 3.159850835800171
0.926207906295754 1.4200937747955322 1.7346961498260498 0.8694719076156616 1.4599553346633911 1.5416059494018555 1.5416059494018555
0.9267935578330894 1.137324333190918 0 0 4.35902738571167 1.8246076107025146 1.8246076107025146
0.9273792093704246 0.3766089081764221 1.9777895212173462 0 3.0214812755584717 2.6445226669311523 2.6445226669311523
0.9279648609077599 2.0496435165405273 0 0.9539270997047424 3.1503233909606934 2.173290252685547 2.173290252685547
0.9285505124450951 0 4.966894626617432 0 0.3667820990085602 0.8395938873291016 0.8395938873291016
0.9291361639824305 0 2.576683521270752 0 4.556549072265625 3.949258327484131 3.949258327484131
0.9297218155197657 0 0.6539265513420105 1.579195499420166 0 1.2992876768112183 1.2992876768112183
0.930307467057101 1.6873925924301147 0 0 0.8226529359817505 0 0
0.9308931185944364 0 0 0 1.4101427793502808 0.8390575647354126 0.8390575647354126
0.9314787701317716 1.9371603727340698 0.7420076131820679 0.4234139025211334 0 2.355034589767456 2.355034589767456
0.9320644216691069 0.28487518429756165 0 0 4.032253742218018 3.2651495933532715 3.2651495933532715
0.9326500732064422 0 0 2.1027610301971436 2.0142107009887695 3.4798998832702637 3.4798998832702637
0.9332357247437775 0 0 0 0 0 0
0.9338213762811127 1.284511923789978 0 0 0 3.4845523834228516 3.4845523834228516
0.934407027818448 2.0770654678344727 0 2.5201215744018555 3.791273832321167 0 0
0.9349926793557833 0 3.2955996990203857 0.3885098993778229 2.6518044471740723 2.8185670375823975 2.8185670375823975
0.9355783308931186 0 1.4180171489715576 0 2.144230604171753 2.271239995956421 2.271239995956421
0.9361639824304538 0 4.0537238121032715 1.0287574529647827 4.25773811340332 0 0
0.9367496339677892 0 0 1.5577601194381714 0 1.4087245464324951 1.4087245464324951
0.9373352855051245 0 0 1.6504530906677246 0 1.7078601121902466 1.7078601121902466
0.9379209370424597 0 4.321409702301025 1.439781665802002 0 3.150294303894043 3.150294303894043
0.9385065885797951 1.0822956562042236 0 1.2972853183746338 0 0 0
0.9390922401171303 1.0306894779205322 2.8445897102355957 0 0 3.1969964504241943 3.1969964504241943
0.9396778916544656 0 0 2.405282735824585 2.7581887245178223 0 0
0.9402635431918008 0 0 0 0 0.7676899433135986 0.7676899433135986
0.9408491947291362 0 0 0.2855038642883301 4.823104381561279 0 0
0.9414348462664714 0 4.8724045753479 0 0 0 0
0.9420204978038067 0 5.343959331512451 1.875535011291504 2.5490832328796387 0 0
0.9426061493411421 0 0 0 2.6574676036834717 0 0
0.9431918008784773 0 0 1.3297224044799805 4.017281532287598 1.7165201902389526 1.7165201902389526
0.9437774524158126 2.131523370742798 0 0 4.902496814727783 0 0
0.9443631039531479 1.326873540878296 1.4491161108016968 0.7683232426643372 3.857525110244751 1.8079144954681396 1.8079144954681396
0.9449487554904832 0 0 0 0 0.1176099181175232 0.1176099181175232
0.9455344070278184 1.128649353981018 0 1.0412317514419556 0 0 0
0.9461200585651537 0 3.9410288333892822 2.134568214416504 0 0 0
0.946705710102489 0.28904271125793457 0 0 3.7729885578155518 0 0
0.9472913616398243 0 0 0 5.698431015014648 3.813418388366699 3.813418388366699
0.9478770131771596 1.3891470432281494 0 0 0 0 0
0.9484626647144949 0 3.226045846939087 0 0 2.736926794052124 2.736926794052124
0.9490483162518302 0 1.153293490409851 0 0 2.4387314319610596 2.4387314319610596
0.9496339677891654 0 0 1.3523427248001099 0 0 0
0.9502196193265008 0.7267330884933472 0 1.9910651445388794 0 1.3802584409713745 1.3802584409713745
0.950805270863836 1.0169800519943237 0 1.0405116081237793 0 1.1602548360824585 1.1602548360824585
0.9513909224011713 1.5596078634262085 0 0 2.809070348739624 0.019136639311909676 0.019136639311909676
0.9519765739385065 0 0 1.1516914367675781 0 0 0
0.9525622254758419 1.4961013793945312 1.698886513710022 0 3.698516368865967 0 0
0.9531478770131772 0 1.8855538368225098 0 5.377399921417236 0 0
0.9537335285505124 0 0 0.37191009521484375 0 0 0
0.9543191800878478 0 0 1.513671875 0 0 0
0.954904831625183 0.6457759141921997 1.233116626739502 0.5065790414810181 4.501211166381836 2.9170312881469727 2.9170312881469727
0.9554904831625183 1.3458646535873413 0.11870758980512619 1.9340839385986328 0 2.026954174041748 2.026954174041748
0.9560761346998536 1.269402027130127 0 0 0.9856181740760803 0 0
0.9566617862371889 0.7443661689758301 0 0 0 0 0
0.9572474377745241 1.805164098739624 1.5170212984085083 1.989114761352539 1.9648981094360352 1.143627643585205 1.143627643585205
0.9578330893118594 0 0 0 0 0 0
0.9584187408491948 1.2780632972717285 3.000931978225708 0.7323567867279053 0 3.0761477947235107 3.0761477947235107
0.95900439238653 2.068713426589966 0 0 4.458154201507568 0 0
0.9595900439238653 0 0 0 0 0 0
0.9601756954612006 0 1.0406986474990845 1.3480496406555176 6.916383266448975 0 0
0.9607613469985359 0 0 0 2.2091734409332275 0 0
0.9613469985358711 0 0 0 0 0 0
0.9619326500732065 1.280048131942749 0 1.020625114440918 6.306483745574951 1.361032485961914 1.361032485961914
0.9625183016105417 0 0 0 3.1952743530273438 0 0
0.963103953147877 0.7263603210449219 2.3785808086395264 1.6135377883911133 0 0 0
0.9636896046852123 0 2.99422025680542 0.8568878173828125 0 0 0
0.9642752562225476 2.3082003593444824 3.015970230102539 0 0 0 0
0.9648609077598829 0 0 0 0.4581899642944336 0 0
0.9654465592972181 0 0.6571213603019714 0 5.968273639678955 0 0
0.9660322108345535 1.5415464639663696 1.80145263671875 1.0511279106140137 1.9439177513122559 0 0
0.9666178623718887 0.957368016242981 0 2.266556739807129 4.601187705993652 1.5455526113510132 1.5455526113510132
0.967203513909224 0 0 1.3268835544586182 2.590235471725464 1.9932671785354614 1.9932671785354614
0.9677891654465594 0 0 0 0 0 0
0.9683748169838946 0.21482598781585693 0 1.4488106966018677 3.1816160678863525 2.63710355758667 2.63710355758667
0.9689604685212299 1.3400359153747559 0 0.8182381987571716 0 0 0
0.9695461200585651 0 1.6328288316726685 0 0 0.23836128413677216 0.23836128413677216
0.9701317715959005 0 5.116187572479248 1.1021459102630615 0 1.0954680442810059 1.0954680442810059
0.9707174231332357 0.5159208178520203 3.1045632362365723 0 1.652066707611084 0 0
0.971303074670571 0 1.420750379562378 0 0 3.734619140625 3.734619140625
0.9718887262079063 0 0 2.565802812576294 4.851223468780518 1.9380472898483276 1.9380472898483276
0.9724743777452416 1.1032891273498535 0 1.4313114881515503 0 0 0
0.9730600292825768 0 4.3108367919921875 0 4.020467758178711 2.2503881454467773 2.2503881454467773
0.9736456808199122 1.5513112545013428 0 0 0 0 0
0.9742313323572475 0 1.48843252658844 0 3.395423412322998 0 0
0.9748169838945827 0 3.077368974685669 0 0.8870456218719482 0 0
0.975402635431918 1.3571970462799072 0 2.0842790603637695 5.090704917907715 0 0
0.9759882869692533 0 0.7155318260192871 1.2635993957519531 0 1.711668610572815 1.711668610572815
0.9765739385065886 1.4185967445373535 3.5453410148620605 0 0 1.0455806255340576 1.0455806255340576
0.9771595900439238 2.5189149379730225 0 0 3.283855438232422 0 0
0.9777452415812592 0 1.680820345878601 0 0 0.28654414415359497 0.28654414415359497
0.9783308931185944 0 1.645952582359314 0.5869424939155579 0 0 0
0.9789165446559297 0 4.650012969970703 0 2.6976256370544434 1.4971973896026611 1.4971973896026611
0.9795021961932651 1.0731724500656128 0 0 0 0 0
0.9800878477306003 0 2.657958507537842 0 0 2.2625484466552734 2.2625484466552734
0.9806734992679356 0.006477782968431711 1.540724754333496 0.356962651014328 1.0831518173217773 3.999558448791504 3.999558448791504
0.9812591508052708 0 4.725057125091553 1.587227463722229 3.173038959503174 0.7129307389259338 0.7129307389259338
0.9818448023426062 0.2593541145324707 0 1.5684542655944824 4.562138080596924 0.8236122131347656 0.8236122131347656
0.9824304538799414 0 0 1.6623457670211792 4.369833469390869 0.7042742371559143 0.7042742371559143
0.9830161054172767 0 2.693908214569092 0 1.73268723487854 1.701616883277893 1.701616883277893
0.983601756954612 0 0 0 0 1.06816828250885 1.06816828250885
0.9841874084919473 0 0 0.9073752760887146 4.220867156982422 0 0
0.9847730600292826 0 0 0.931904673576355 2.335496425628662 0 0
0.9853587115666179 0.858273446559906 2.4744575023651123 0 0 2.591397285461426 2.591397285461426
0.9859443631039532 0.41513440012931824 0 0 0 1.955557107925415 1.955557107925415
0.9865300146412884 0 0 0.749152660369873 4.787425994873047 3.4126532077789307 3.4126532077789307
0.9871156661786237 1.010519027709961 0 0 5.054653644561768 0 0
0.987701317715959 0.8487266302108765 2.9538354873657227 0 0 0 0
0.9882869692532943 2.241194486618042 2.783731460571289 0 0 0 0
0.9888726207906295 0 0 1.6505061388015747 0 0 0
0.9894582723279649 0 2.8216323852539062 0 0 0 0
0.9900439238653002 0 0 0 0 1.4836115837097168 1.4836115837097168
0.9906295754026354 0.9494256973266602 0.9227683544158936 1.8692182302474976 0 2.531191110610962 2.531191110610962
0.9912152269399708 0 0 0 0 0 0
0.991800878477306 1.8078173398971558 0 2.429374933242798 4.792868614196777 2.1615984439849854 2.1615984439849854
0.9923865300146413 0.19428440928459167 2.767566442489624 1.989356279373169 0 0 0
0.9929721815519765 0 0.3020342290401459 0.5218902230262756 0 0 0
0.9935578330893119 0 0 1.0385520458221436 0 0 0
0.9941434846266471 1.8494051694869995 2.6446914672851562 0 4.789015293121338 0 0
0.9947291361639824 0.6450962424278259 0.6807810664176941 0 0 1.656134843826294 1.656134843826294
0.9953147877013178 0 3.280132532119751 0 3.8739848136901855 2.34273099899292 2.34273099899292
0.995900439238653 0 2.741764545440674 0.9381203055381775 0 0 0
0.9964860907759883 1.1526416540145874 0 0.9174532890319824 0 0 0
0.9970717423133236 0.7308263778686523 1.8406023979187012 0 0 0 0
0.9976573938506589 0 0 0 3.661864995956421 0 0
0.9982430453879941 0 2.9908995628356934 1.2223317623138428 4.706660270690918 0 0
0.9988286969253294 1.5755642652511597 0 1.599776268005371 0 0 0
0.9994143484626647 0 4.391575336456299 0 0 0 0
